stage,day in stage,trial,A1o,A1c,A2o,A2c,A3o,A3c,A4o,A4c,action,reward
1,1,1.0,1,1,-1,-1,0,0,-1,-1,1.0,1.0
1,1,2.0,0,0,-1,-1,1,1,-1,-1,3.0,1.0
1,1,3.0,1,1,0,0,-1,-1,-1,-1,1.0,1.0
1,1,4.0,-1,-1,0,1,1,0,-1,-1,3.0,1.0
1,1,5.0,0,1,1,0,-1,-1,-1,-1,2.0,1.0
1,1,6.0,-1,-1,0,0,-1,-1,1,1,4.0,1.0
1,1,7.0,-1,-1,-1,-1,1,1,0,0,3.0,1.0
1,1,8.0,-1,-1,-1,-1,0,1,1,0,3.0,0.0
1,1,9.0,0,1,-1,-1,1,0,-1,-1,3.0,1.0
1,1,10.0,-1,-1,0,1,1,0,-1,-1,2.0,0.0
1,1,11.0,-1,-1,-1,-1,1,1,0,0,3.0,1.0
1,1,12.0,-1,-1,-1,-1,0,0,1,1,3.0,0.0
1,1,13.0,1,0,0,1,-1,-1,-1,-1,,
1,1,14.0,-1,-1,0,0,-1,-1,1,1,2.0,0.0
1,1,15.0,-1,-1,1,0,0,1,-1,-1,3.0,0.0
1,1,16.0,0,0,1,1,-1,-1,-1,-1,1.0,0.0
1,1,17.0,-1,-1,1,0,0,1,-1,-1,2.0,1.0
1,1,18.0,1,0,-1,-1,0,1,-1,-1,1.0,1.0
1,1,19.0,-1,-1,1,1,-1,-1,0,0,2.0,1.0
1,1,20.0,-1,-1,1,0,-1,-1,0,1,4.0,0.0
1,1,21.0,0,0,-1,-1,1,1,-1,-1,3.0,1.0
1,1,22.0,-1,-1,1,0,0,1,-1,-1,,
1,1,23.0,-1,-1,1,1,-1,-1,0,0,,
1,1,24.0,-1,-1,-1,-1,0,1,1,0,3.0,0.0
1,1,25.0,-1,-1,-1,-1,0,0,1,1,3.0,0.0
1,1,26.0,-1,-1,0,0,1,1,-1,-1,2.0,0.0
1,1,27.0,1,0,0,1,-1,-1,-1,-1,1.0,1.0
1,1,28.0,1,0,-1,-1,0,1,-1,-1,1.0,1.0
1,1,29.0,-1,-1,-1,-1,1,1,0,0,3.0,1.0
1,1,30.0,-1,-1,0,0,1,1,-1,-1,2.0,0.0
1,1,31.0,0,1,1,0,-1,-1,-1,-1,1.0,0.0
1,1,32.0,1,0,0,1,-1,-1,-1,-1,1.0,1.0
1,1,33.0,1,1,-1,-1,0,0,-1,-1,1.0,1.0
1,1,34.0,0,0,-1,-1,1,1,-1,-1,3.0,1.0
1,1,35.0,0,1,1,0,-1,-1,-1,-1,2.0,1.0
1,1,36.0,-1,-1,1,0,0,1,-1,-1,2.0,1.0
1,1,37.0,-1,-1,1,1,-1,-1,0,0,2.0,1.0
1,1,38.0,-1,-1,0,0,-1,-1,1,1,4.0,1.0
1,1,39.0,-1,-1,0,0,-1,-1,1,1,4.0,1.0
1,1,40.0,-1,-1,-1,-1,1,1,0,0,3.0,1.0
1,1,41.0,-1,-1,0,1,1,0,-1,-1,3.0,1.0
1,1,42.0,0,0,-1,-1,1,1,-1,-1,3.0,1.0
1,1,43.0,-1,-1,-1,-1,0,0,1,1,4.0,1.0
1,1,44.0,-1,-1,0,0,-1,-1,1,1,4.0,1.0
1,1,45.0,-1,-1,-1,-1,1,0,0,1,4.0,0.0
1,1,46.0,1,1,-1,-1,0,0,-1,-1,1.0,1.0
1,1,47.0,1,1,0,0,-1,-1,-1,-1,1.0,1.0
1,1,48.0,0,1,1,0,-1,-1,-1,-1,1.0,0.0
1,1,49.0,0,1,-1,-1,1,0,-1,-1,3.0,1.0
1,1,50.0,1,0,-1,-1,0,1,-1,-1,3.0,0.0
1,1,51.0,1,0,0,1,-1,-1,-1,-1,2.0,0.0
1,1,52.0,-1,-1,0,0,1,1,-1,-1,2.0,0.0
1,1,53.0,-1,-1,1,0,0,1,-1,-1,2.0,1.0
1,2,1.0,0,0,-1,-1,1,1,-1,-1,3.0,1.0
1,2,2.0,-1,-1,0,1,1,0,-1,-1,2.0,0.0
1,2,3.0,-1,-1,0,0,1,1,-1,-1,2.0,0.0
1,2,4.0,1,1,-1,-1,0,0,-1,-1,3.0,0.0
1,2,5.0,-1,-1,1,1,-1,-1,0,0,2.0,1.0
1,2,6.0,-1,-1,1,1,-1,-1,0,0,2.0,1.0
1,2,7.0,0,0,-1,-1,1,1,-1,-1,3.0,1.0
1,2,8.0,-1,-1,1,1,0,0,-1,-1,3.0,0.0
1,2,9.0,-1,-1,0,0,-1,-1,1,1,4.0,1.0
1,2,10.0,-1,-1,0,1,-1,-1,1,0,4.0,1.0
1,2,11.0,-1,-1,1,1,0,0,-1,-1,3.0,0.0
1,2,12.0,-1,-1,-1,-1,1,0,0,1,3.0,1.0
1,2,13.0,-1,-1,-1,-1,1,1,0,0,3.0,1.0
1,2,14.0,-1,-1,-1,-1,0,1,1,0,3.0,0.0
1,2,15.0,-1,-1,-1,-1,0,1,1,0,4.0,1.0
1,2,16.0,0,1,1,0,-1,-1,-1,-1,2.0,1.0
1,2,17.0,1,1,0,0,-1,-1,-1,-1,1.0,1.0
1,2,18.0,1,1,0,0,-1,-1,-1,-1,1.0,1.0
1,2,19.0,0,0,1,1,-1,-1,-1,-1,2.0,1.0
1,2,20.0,1,0,-1,-1,0,1,-1,-1,1.0,1.0
1,2,21.0,0,0,1,1,-1,-1,-1,-1,1.0,0.0
1,2,22.0,-1,-1,1,0,0,1,-1,-1,3.0,0.0
1,2,23.0,-1,-1,1,1,-1,-1,0,0,2.0,1.0
1,2,24.0,-1,-1,0,1,-1,-1,1,0,2.0,0.0
1,2,25.0,-1,-1,-1,-1,0,0,1,1,4.0,1.0
1,2,26.0,-1,-1,0,0,1,1,-1,-1,2.0,0.0
1,2,27.0,1,1,-1,-1,0,0,-1,-1,1.0,1.0
1,2,28.0,-1,-1,-1,-1,0,1,1,0,3.0,0.0
1,2,29.0,1,1,0,0,-1,-1,-1,-1,1.0,1.0
1,2,30.0,0,1,1,0,-1,-1,-1,-1,2.0,1.0
1,2,31.0,0,1,-1,-1,1,0,-1,-1,3.0,1.0
1,2,32.0,1,1,-1,-1,0,0,-1,-1,1.0,1.0
1,2,33.0,1,0,0,1,-1,-1,-1,-1,2.0,0.0
1,2,34.0,-1,-1,0,0,1,1,-1,-1,3.0,1.0
1,2,35.0,-1,-1,0,0,-1,-1,1,1,4.0,1.0
1,2,36.0,-1,-1,-1,-1,1,0,0,1,3.0,1.0
1,2,37.0,0,0,-1,-1,1,1,-1,-1,3.0,1.0
1,2,38.0,-1,-1,1,1,0,0,-1,-1,2.0,1.0
1,2,39.0,-1,-1,1,0,-1,-1,0,1,2.0,1.0
1,2,40.0,-1,-1,-1,-1,1,0,0,1,3.0,1.0
1,2,41.0,0,0,1,1,-1,-1,-1,-1,2.0,1.0
1,2,42.0,-1,-1,-1,-1,0,1,1,0,3.0,0.0
1,2,43.0,0,0,-1,-1,1,1,-1,-1,3.0,1.0
1,2,44.0,0,1,-1,-1,1,0,-1,-1,,
1,2,45.0,-1,-1,1,0,-1,-1,0,1,4.0,0.0
1,2,46.0,-1,-1,1,0,-1,-1,0,1,4.0,0.0
1,2,47.0,1,1,-1,-1,0,0,-1,-1,1.0,1.0
1,2,48.0,-1,-1,0,0,-1,-1,1,1,4.0,1.0
1,2,49.0,-1,-1,-1,-1,1,0,0,1,4.0,0.0
1,2,50.0,1,0,0,1,-1,-1,-1,-1,2.0,0.0
1,2,51.0,-1,-1,0,1,1,0,-1,-1,,
1,2,52.0,0,1,1,0,-1,-1,-1,-1,,
1,2,53.0,1,1,-1,-1,0,0,-1,-1,1.0,1.0
1,2,54.0,-1,-1,1,1,0,0,-1,-1,3.0,0.0
1,2,55.0,-1,-1,0,0,1,1,-1,-1,3.0,1.0
1,2,56.0,-1,-1,0,1,-1,-1,1,0,4.0,1.0
1,2,57.0,1,1,0,0,-1,-1,-1,-1,1.0,1.0
1,2,58.0,-1,-1,1,1,0,0,-1,-1,2.0,1.0
1,2,59.0,-1,-1,-1,-1,0,1,1,0,3.0,0.0
1,2,60.0,-1,-1,-1,-1,1,1,0,0,4.0,0.0
1,2,61.0,-1,-1,1,1,-1,-1,0,0,2.0,1.0
1,2,62.0,-1,-1,-1,-1,1,1,0,0,3.0,1.0
1,2,63.0,0,0,1,1,-1,-1,-1,-1,2.0,1.0
1,2,64.0,0,0,1,1,-1,-1,-1,-1,2.0,1.0
1,2,65.0,-1,-1,0,0,-1,-1,1,1,4.0,1.0
1,2,66.0,-1,-1,-1,-1,1,1,0,0,3.0,1.0
1,2,67.0,-1,-1,-1,-1,0,1,1,0,3.0,0.0
1,2,68.0,-1,-1,0,1,-1,-1,1,0,4.0,1.0
1,2,69.0,-1,-1,-1,-1,0,0,1,1,4.0,1.0
1,2,70.0,1,0,0,1,-1,-1,-1,-1,2.0,0.0
1,2,71.0,1,1,-1,-1,0,0,-1,-1,1.0,1.0
1,2,72.0,1,0,-1,-1,0,1,-1,-1,3.0,0.0
1,2,73.0,-1,-1,1,1,0,0,-1,-1,2.0,1.0
1,2,74.0,-1,-1,1,1,0,0,-1,-1,2.0,1.0
1,2,75.0,-1,-1,0,1,1,0,-1,-1,2.0,0.0
1,2,76.0,0,1,-1,-1,1,0,-1,-1,3.0,1.0
1,2,77.0,1,0,0,1,-1,-1,-1,-1,2.0,0.0
1,2,78.0,0,1,-1,-1,1,0,-1,-1,1.0,0.0
1,2,79.0,-1,-1,0,1,1,0,-1,-1,,
1,2,80.0,-1,-1,1,1,-1,-1,0,0,,
1,2,81.0,-1,-1,1,1,0,0,-1,-1,2.0,1.0
1,2,82.0,0,1,1,0,-1,-1,-1,-1,1.0,0.0
1,2,83.0,-1,-1,1,0,0,1,-1,-1,,
1,2,84.0,-1,-1,-1,-1,1,1,0,0,3.0,1.0
1,2,85.0,-1,-1,-1,-1,1,1,0,0,3.0,1.0
1,2,86.0,-1,-1,-1,-1,0,0,1,1,4.0,1.0
1,2,87.0,-1,-1,-1,-1,0,1,1,0,4.0,1.0
1,2,88.0,1,0,0,1,-1,-1,-1,-1,2.0,0.0
1,2,89.0,1,0,0,1,-1,-1,-1,-1,1.0,1.0
1,2,90.0,-1,-1,0,0,1,1,-1,-1,3.0,1.0
1,2,91.0,0,0,-1,-1,1,1,-1,-1,3.0,1.0
1,2,92.0,-1,-1,0,1,-1,-1,1,0,4.0,1.0
1,2,93.0,-1,-1,1,1,-1,-1,0,0,4.0,0.0
1,2,94.0,1,1,-1,-1,0,0,-1,-1,1.0,1.0
1,2,95.0,1,0,-1,-1,0,1,-1,-1,3.0,0.0
1,2,96.0,0,0,-1,-1,1,1,-1,-1,3.0,1.0
1,2,97.0,-1,-1,0,1,1,0,-1,-1,3.0,1.0
1,2,98.0,-1,-1,0,0,-1,-1,1,1,2.0,0.0
1,2,99.0,0,0,1,1,-1,-1,-1,-1,1.0,0.0
1,2,100.0,-1,-1,1,0,-1,-1,0,1,4.0,0.0
1,2,101.0,0,0,-1,-1,1,1,-1,-1,3.0,1.0
1,2,102.0,-1,-1,0,1,1,0,-1,-1,2.0,0.0
1,2,103.0,1,0,-1,-1,0,1,-1,-1,1.0,1.0
1,2,104.0,-1,-1,0,1,-1,-1,1,0,4.0,1.0
1,2,105.0,-1,-1,-1,-1,1,1,0,0,3.0,1.0
1,2,106.0,-1,-1,-1,-1,1,1,0,0,3.0,1.0
1,3,1.0,1,0,-1,-1,0,1,-1,-1,1.0,1.0
1,3,2.0,-1,-1,0,1,-1,-1,1,0,4.0,1.0
1,3,3.0,-1,-1,-1,-1,1,1,0,0,4.0,0.0
1,3,4.0,0,0,-1,-1,1,1,-1,-1,3.0,1.0
1,3,5.0,-1,-1,1,1,-1,-1,0,0,2.0,1.0
1,3,6.0,0,1,1,0,-1,-1,-1,-1,2.0,1.0
1,3,7.0,-1,-1,0,1,-1,-1,1,0,4.0,1.0
1,3,8.0,1,1,0,0,-1,-1,-1,-1,1.0,1.0
1,3,9.0,-1,-1,0,0,1,1,-1,-1,3.0,1.0
1,3,10.0,-1,-1,0,1,1,0,-1,-1,2.0,0.0
1,3,11.0,1,0,-1,-1,0,1,-1,-1,1.0,1.0
1,3,12.0,1,1,0,0,-1,-1,-1,-1,1.0,1.0
1,3,13.0,-1,-1,1,1,0,0,-1,-1,2.0,1.0
1,3,14.0,-1,-1,-1,-1,1,1,0,0,3.0,1.0
1,3,15.0,-1,-1,-1,-1,0,0,1,1,4.0,1.0
1,3,16.0,0,0,-1,-1,1,1,-1,-1,3.0,1.0
1,3,17.0,-1,-1,1,0,0,1,-1,-1,3.0,0.0
1,3,18.0,-1,-1,1,0,-1,-1,0,1,4.0,0.0
1,3,19.0,-1,-1,-1,-1,0,1,1,0,4.0,1.0
1,3,20.0,0,1,1,0,-1,-1,-1,-1,1.0,0.0
1,3,21.0,1,1,-1,-1,0,0,-1,-1,1.0,1.0
1,3,22.0,-1,-1,1,0,0,1,-1,-1,3.0,0.0
1,3,23.0,0,1,-1,-1,1,0,-1,-1,1.0,0.0
1,3,24.0,-1,-1,0,0,1,1,-1,-1,3.0,1.0
1,3,25.0,1,1,0,0,-1,-1,-1,-1,1.0,1.0
1,3,26.0,-1,-1,1,1,-1,-1,0,0,2.0,1.0
1,3,27.0,-1,-1,-1,-1,1,1,0,0,4.0,0.0
1,3,28.0,1,0,0,1,-1,-1,-1,-1,1.0,1.0
1,3,29.0,-1,-1,0,1,1,0,-1,-1,3.0,1.0
1,3,30.0,0,1,-1,-1,1,0,-1,-1,1.0,0.0
1,3,31.0,0,0,1,1,-1,-1,-1,-1,2.0,1.0
1,3,32.0,1,1,-1,-1,0,0,-1,-1,1.0,1.0
1,3,33.0,-1,-1,1,0,0,1,-1,-1,3.0,0.0
1,3,34.0,-1,-1,0,1,-1,-1,1,0,2.0,0.0
1,3,35.0,-1,-1,-1,-1,1,0,0,1,3.0,1.0
1,3,36.0,-1,-1,-1,-1,0,0,1,1,4.0,1.0
1,3,37.0,-1,-1,-1,-1,0,0,1,1,4.0,1.0
1,3,38.0,0,0,1,1,-1,-1,-1,-1,2.0,1.0
1,3,39.0,-1,-1,1,1,-1,-1,0,0,2.0,1.0
1,3,40.0,-1,-1,0,0,-1,-1,1,1,4.0,1.0
1,3,41.0,1,1,0,0,-1,-1,-1,-1,1.0,1.0
1,3,42.0,1,1,0,0,-1,-1,-1,-1,1.0,1.0
1,3,43.0,-1,-1,1,0,0,1,-1,-1,3.0,0.0
1,3,44.0,-1,-1,1,0,0,1,-1,-1,3.0,0.0
1,3,45.0,-1,-1,1,0,-1,-1,0,1,4.0,0.0
1,3,46.0,-1,-1,-1,-1,0,0,1,1,4.0,1.0
1,3,47.0,1,0,-1,-1,0,1,-1,-1,1.0,1.0
1,3,48.0,0,1,-1,-1,1,0,-1,-1,3.0,1.0
1,3,49.0,0,0,-1,-1,1,1,-1,-1,3.0,1.0
1,3,50.0,-1,-1,1,1,-1,-1,0,0,4.0,0.0
1,3,51.0,-1,-1,0,0,-1,-1,1,1,4.0,1.0
1,3,52.0,1,0,-1,-1,0,1,-1,-1,1.0,1.0
1,3,53.0,-1,-1,0,0,1,1,-1,-1,3.0,1.0
1,3,54.0,-1,-1,0,0,1,1,-1,-1,3.0,1.0
1,3,55.0,0,0,1,1,-1,-1,-1,-1,1.0,0.0
1,3,56.0,0,1,1,0,-1,-1,-1,-1,1.0,0.0
1,3,57.0,-1,-1,0,1,-1,-1,1,0,4.0,1.0
1,3,58.0,-1,-1,-1,-1,1,0,0,1,4.0,0.0
1,3,59.0,-1,-1,-1,-1,1,1,0,0,3.0,1.0
1,3,60.0,-1,-1,-1,-1,0,1,1,0,4.0,1.0
1,3,61.0,-1,-1,-1,-1,1,0,0,1,3.0,1.0
1,3,62.0,-1,-1,-1,-1,0,0,1,1,4.0,1.0
1,3,63.0,-1,-1,-1,-1,0,0,1,1,4.0,1.0
1,3,64.0,-1,-1,1,1,-1,-1,0,0,2.0,1.0
1,3,65.0,-1,-1,0,1,1,0,-1,-1,2.0,0.0
1,3,66.0,0,1,1,0,-1,-1,-1,-1,1.0,0.0
1,3,67.0,0,0,-1,-1,1,1,-1,-1,3.0,1.0
1,3,68.0,0,1,1,0,-1,-1,-1,-1,1.0,0.0
1,3,69.0,0,0,-1,-1,1,1,-1,-1,1.0,0.0
1,3,70.0,-1,-1,0,1,-1,-1,1,0,4.0,1.0
1,3,71.0,1,1,0,0,-1,-1,-1,-1,1.0,1.0
1,3,72.0,1,1,-1,-1,0,0,-1,-1,1.0,1.0
1,3,73.0,-1,-1,1,0,0,1,-1,-1,3.0,0.0
1,3,74.0,-1,-1,0,0,1,1,-1,-1,3.0,1.0
1,3,75.0,-1,-1,1,1,-1,-1,0,0,2.0,1.0
1,3,76.0,-1,-1,0,1,-1,-1,1,0,4.0,1.0
1,3,77.0,1,1,0,0,-1,-1,-1,-1,1.0,1.0
1,3,78.0,-1,-1,1,0,0,1,-1,-1,,
1,3,79.0,-1,-1,-1,-1,1,0,0,1,3.0,1.0
1,3,80.0,1,1,-1,-1,0,0,-1,-1,1.0,1.0
1,3,81.0,-1,-1,0,1,1,0,-1,-1,2.0,0.0
1,3,82.0,-1,-1,1,0,-1,-1,0,1,4.0,0.0
1,3,83.0,1,1,-1,-1,0,0,-1,-1,1.0,1.0
1,3,84.0,-1,-1,0,0,-1,-1,1,1,4.0,1.0
1,3,85.0,-1,-1,0,1,-1,-1,1,0,4.0,1.0
1,3,86.0,-1,-1,1,1,-1,-1,0,0,4.0,0.0
1,3,87.0,-1,-1,-1,-1,0,0,1,1,4.0,1.0
1,3,88.0,-1,-1,1,1,0,0,-1,-1,3.0,0.0
1,3,89.0,-1,-1,-1,-1,0,0,1,1,4.0,1.0
1,3,90.0,1,1,0,0,-1,-1,-1,-1,1.0,1.0
1,3,91.0,0,1,1,0,-1,-1,-1,-1,1.0,0.0
1,3,92.0,1,0,0,1,-1,-1,-1,-1,1.0,1.0
1,3,93.0,1,1,-1,-1,0,0,-1,-1,1.0,1.0
1,3,94.0,0,1,-1,-1,1,0,-1,-1,1.0,0.0
1,3,95.0,-1,-1,1,1,0,0,-1,-1,,
1,3,96.0,-1,-1,0,1,1,0,-1,-1,2.0,0.0
1,3,97.0,0,1,-1,-1,1,0,-1,-1,,
1,3,98.0,-1,-1,-1,-1,1,1,0,0,4.0,0.0
1,3,99.0,0,1,1,0,-1,-1,-1,-1,1.0,0.0
1,3,100.0,-1,-1,-1,-1,1,0,0,1,4.0,0.0
1,3,101.0,-1,-1,-1,-1,0,0,1,1,4.0,1.0
1,3,102.0,0,0,-1,-1,1,1,-1,-1,3.0,1.0
1,3,103.0,-1,-1,1,0,-1,-1,0,1,4.0,0.0
1,4,1.0,-1,-1,0,0,-1,-1,1,1,2.0,0.0
1,4,2.0,1,1,0,0,-1,-1,-1,-1,1.0,1.0
1,4,3.0,-1,-1,-1,-1,1,1,0,0,3.0,1.0
1,4,4.0,-1,-1,-1,-1,0,0,1,1,4.0,1.0
1,4,5.0,1,1,-1,-1,0,0,-1,-1,1.0,1.0
1,4,6.0,-1,-1,1,1,-1,-1,0,0,4.0,0.0
1,4,7.0,1,1,0,0,-1,-1,-1,-1,1.0,1.0
1,4,8.0,1,1,-1,-1,0,0,-1,-1,1.0,1.0
1,4,9.0,-1,-1,0,1,1,0,-1,-1,3.0,1.0
1,4,10.0,-1,-1,0,1,-1,-1,1,0,4.0,1.0
1,4,11.0,-1,-1,-1,-1,1,0,0,1,,
1,4,12.0,-1,-1,0,0,1,1,-1,-1,3.0,1.0
1,4,13.0,0,1,1,0,-1,-1,-1,-1,1.0,0.0
1,4,14.0,-1,-1,1,0,0,1,-1,-1,,
1,4,15.0,-1,-1,1,1,-1,-1,0,0,2.0,1.0
1,4,16.0,-1,-1,1,1,0,0,-1,-1,,
1,4,17.0,-1,-1,-1,-1,0,1,1,0,4.0,1.0
1,4,18.0,0,0,1,1,-1,-1,-1,-1,1.0,0.0
1,4,19.0,0,1,-1,-1,1,0,-1,-1,,
1,4,20.0,0,1,-1,-1,1,0,-1,-1,3.0,1.0
1,4,21.0,-1,-1,1,0,-1,-1,0,1,,
1,4,22.0,-1,-1,1,1,0,0,-1,-1,2.0,1.0
1,4,23.0,-1,-1,0,1,-1,-1,1,0,4.0,1.0
1,4,24.0,1,0,-1,-1,0,1,-1,-1,1.0,1.0
1,4,25.0,-1,-1,0,1,1,0,-1,-1,,
1,4,26.0,-1,-1,0,0,-1,-1,1,1,4.0,1.0
1,4,27.0,-1,-1,-1,-1,1,0,0,1,,
1,4,28.0,0,1,-1,-1,1,0,-1,-1,1.0,0.0
1,4,29.0,-1,-1,1,0,-1,-1,0,1,,
1,4,30.0,-1,-1,-1,-1,1,0,0,1,3.0,1.0
1,4,31.0,0,0,-1,-1,1,1,-1,-1,3.0,1.0
1,4,32.0,-1,-1,-1,-1,0,1,1,0,4.0,1.0
1,4,33.0,-1,-1,-1,-1,0,0,1,1,4.0,1.0
1,4,34.0,1,1,-1,-1,0,0,-1,-1,1.0,1.0
1,4,35.0,0,1,1,0,-1,-1,-1,-1,1.0,0.0
1,4,36.0,1,1,0,0,-1,-1,-1,-1,1.0,1.0
1,4,37.0,1,0,0,1,-1,-1,-1,-1,1.0,1.0
1,4,38.0,-1,-1,1,1,0,0,-1,-1,2.0,1.0
1,4,39.0,-1,-1,0,1,1,0,-1,-1,3.0,1.0
1,4,40.0,0,1,1,0,-1,-1,-1,-1,2.0,1.0
1,4,41.0,-1,-1,1,0,0,1,-1,-1,3.0,0.0
1,4,42.0,0,1,1,0,-1,-1,-1,-1,1.0,0.0
1,4,43.0,1,1,-1,-1,0,0,-1,-1,1.0,1.0
1,4,44.0,-1,-1,1,1,-1,-1,0,0,2.0,1.0
1,4,45.0,1,1,-1,-1,0,0,-1,-1,1.0,1.0
1,4,46.0,0,1,-1,-1,1,0,-1,-1,1.0,0.0
1,4,47.0,-1,-1,0,1,1,0,-1,-1,,
1,4,48.0,-1,-1,0,1,-1,-1,1,0,4.0,1.0
1,4,49.0,-1,-1,1,1,-1,-1,0,0,,
1,4,50.0,-1,-1,-1,-1,1,1,0,0,3.0,1.0
1,4,51.0,-1,-1,-1,-1,0,0,1,1,4.0,1.0
1,4,52.0,-1,-1,1,0,0,1,-1,-1,3.0,0.0
1,4,53.0,-1,-1,0,0,1,1,-1,-1,3.0,1.0
1,4,54.0,-1,-1,0,0,-1,-1,1,1,4.0,1.0
1,4,55.0,-1,-1,-1,-1,0,0,1,1,4.0,1.0
1,4,56.0,1,0,0,1,-1,-1,-1,-1,1.0,1.0
1,4,57.0,1,1,0,0,-1,-1,-1,-1,1.0,1.0
1,4,58.0,0,0,-1,-1,1,1,-1,-1,3.0,1.0
1,4,59.0,-1,-1,-1,-1,1,1,0,0,3.0,1.0
1,4,60.0,0,1,1,0,-1,-1,-1,-1,1.0,0.0
1,4,61.0,0,1,1,0,-1,-1,-1,-1,1.0,0.0
1,4,62.0,0,1,1,0,-1,-1,-1,-1,1.0,0.0
1,4,63.0,-1,-1,1,1,-1,-1,0,0,2.0,1.0
1,4,64.0,-1,-1,1,0,0,1,-1,-1,3.0,0.0
1,4,65.0,-1,-1,0,0,1,1,-1,-1,3.0,1.0
1,4,66.0,-1,-1,-1,-1,1,0,0,1,3.0,1.0
1,4,67.0,-1,-1,0,0,1,1,-1,-1,3.0,1.0
1,4,68.0,1,1,-1,-1,0,0,-1,-1,3.0,0.0
1,4,69.0,1,1,0,0,-1,-1,-1,-1,1.0,1.0
1,4,70.0,-1,-1,0,0,-1,-1,1,1,4.0,1.0
1,4,71.0,-1,-1,-1,-1,1,1,0,0,4.0,0.0
1,4,72.0,0,1,-1,-1,1,0,-1,-1,1.0,0.0
1,4,73.0,-1,-1,-1,-1,0,0,1,1,4.0,1.0
1,4,74.0,1,1,-1,-1,0,0,-1,-1,1.0,1.0
1,4,75.0,-1,-1,1,1,0,0,-1,-1,3.0,0.0
1,4,76.0,1,0,0,1,-1,-1,-1,-1,1.0,1.0
1,4,77.0,-1,-1,1,1,-1,-1,0,0,,
1,4,78.0,-1,-1,0,1,-1,-1,1,0,4.0,1.0
1,4,79.0,0,0,-1,-1,1,1,-1,-1,3.0,1.0
1,4,80.0,-1,-1,-1,-1,0,0,1,1,4.0,1.0
1,4,81.0,0,1,-1,-1,1,0,-1,-1,3.0,1.0
1,4,82.0,1,0,0,1,-1,-1,-1,-1,2.0,0.0
1,4,83.0,0,0,-1,-1,1,1,-1,-1,3.0,1.0
1,4,84.0,-1,-1,1,0,0,1,-1,-1,,
1,4,85.0,-1,-1,1,0,-1,-1,0,1,4.0,0.0
1,4,86.0,0,1,1,0,-1,-1,-1,-1,1.0,0.0
1,4,87.0,-1,-1,0,1,1,0,-1,-1,3.0,1.0
1,4,88.0,-1,-1,1,0,-1,-1,0,1,4.0,0.0
1,4,89.0,0,1,1,0,-1,-1,-1,-1,1.0,0.0
1,4,90.0,-1,-1,0,0,-1,-1,1,1,4.0,1.0
1,4,91.0,-1,-1,0,0,-1,-1,1,1,4.0,1.0
1,4,92.0,-1,-1,-1,-1,1,0,0,1,3.0,1.0
1,4,93.0,-1,-1,-1,-1,0,1,1,0,4.0,1.0
1,4,94.0,1,1,0,0,-1,-1,-1,-1,1.0,1.0
1,4,95.0,1,1,-1,-1,0,0,-1,-1,1.0,1.0
1,4,96.0,-1,-1,0,1,1,0,-1,-1,2.0,0.0
1,4,97.0,-1,-1,1,0,0,1,-1,-1,2.0,1.0
1,4,98.0,-1,-1,-1,-1,1,1,0,0,3.0,1.0
1,4,99.0,-1,-1,-1,-1,0,1,1,0,3.0,0.0
1,4,100.0,1,1,-1,-1,0,0,-1,-1,1.0,1.0
1,4,101.0,-1,-1,0,0,-1,-1,1,1,4.0,1.0
1,4,102.0,1,1,0,0,-1,-1,-1,-1,1.0,1.0
1,4,103.0,1,0,0,1,-1,-1,-1,-1,1.0,1.0
1,4,104.0,-1,-1,-1,-1,1,1,0,0,3.0,1.0
1,4,105.0,-1,-1,-1,-1,0,1,1,0,,
1,4,106.0,-1,-1,-1,-1,0,1,1,0,4.0,1.0
1,4,107.0,-1,-1,1,1,-1,-1,0,0,2.0,1.0
1,4,108.0,-1,-1,1,1,0,0,-1,-1,2.0,1.0
1,4,109.0,0,1,1,0,-1,-1,-1,-1,,
1,4,110.0,-1,-1,1,1,0,0,-1,-1,,
1,4,111.0,1,1,-1,-1,0,0,-1,-1,1.0,1.0
1,4,112.0,0,0,-1,-1,1,1,-1,-1,,
1,4,113.0,-1,-1,0,1,1,0,-1,-1,2.0,0.0
1,4,114.0,-1,-1,0,1,1,0,-1,-1,,
1,4,115.0,-1,-1,1,0,-1,-1,0,1,,
1,4,116.0,-1,-1,0,1,-1,-1,1,0,,
1,4,117.0,-1,-1,-1,-1,1,0,0,1,,
1,4,118.0,0,0,1,1,-1,-1,-1,-1,1.0,0.0
1,4,119.0,1,0,-1,-1,0,1,-1,-1,,
1,4,120.0,0,1,-1,-1,1,0,-1,-1,1.0,0.0
1,4,121.0,0,1,-1,-1,1,0,-1,-1,,
1,4,122.0,-1,-1,1,1,0,0,-1,-1,,
1,4,123.0,0,0,1,1,-1,-1,-1,-1,2.0,1.0
1,5,1.0,-1,-1,1,0,0,1,-1,-1,2.0,1.0
1,5,2.0,-1,-1,0,1,1,0,-1,-1,3.0,1.0
1,5,3.0,-1,-1,1,0,-1,-1,0,1,4.0,0.0
1,5,4.0,-1,-1,0,0,1,1,-1,-1,2.0,0.0
1,5,5.0,1,1,0,0,-1,-1,-1,-1,1.0,1.0
1,5,6.0,1,1,0,0,-1,-1,-1,-1,1.0,1.0
1,5,7.0,-1,-1,1,1,-1,-1,0,0,2.0,1.0
1,5,8.0,0,0,1,1,-1,-1,-1,-1,1.0,0.0
1,5,9.0,1,0,-1,-1,0,1,-1,-1,1.0,1.0
1,5,10.0,-1,-1,-1,-1,1,0,0,1,3.0,1.0
1,5,11.0,1,0,-1,-1,0,1,-1,-1,1.0,1.0
1,5,12.0,-1,-1,-1,-1,0,1,1,0,4.0,1.0
1,5,13.0,0,1,1,0,-1,-1,-1,-1,2.0,1.0
1,5,14.0,-1,-1,1,0,0,1,-1,-1,2.0,1.0
1,5,15.0,0,0,-1,-1,1,1,-1,-1,,
1,5,16.0,0,1,-1,-1,1,0,-1,-1,,
1,5,17.0,-1,-1,0,1,-1,-1,1,0,2.0,0.0
1,5,18.0,-1,-1,0,0,-1,-1,1,1,4.0,1.0
1,5,19.0,-1,-1,-1,-1,1,0,0,1,3.0,1.0
1,5,20.0,-1,-1,-1,-1,0,1,1,0,4.0,1.0
1,5,21.0,-1,-1,0,1,-1,-1,1,0,4.0,1.0
1,5,22.0,0,0,-1,-1,1,1,-1,-1,,
1,5,23.0,-1,-1,1,0,0,1,-1,-1,2.0,1.0
1,5,24.0,-1,-1,0,0,-1,-1,1,1,4.0,1.0
1,5,25.0,-1,-1,-1,-1,1,1,0,0,3.0,1.0
1,5,26.0,-1,-1,1,0,0,1,-1,-1,3.0,0.0
1,5,27.0,-1,-1,-1,-1,1,0,0,1,4.0,0.0
1,5,28.0,0,1,1,0,-1,-1,-1,-1,1.0,0.0
1,5,29.0,-1,-1,-1,-1,0,1,1,0,4.0,1.0
1,5,30.0,1,0,-1,-1,0,1,-1,-1,1.0,1.0
1,5,31.0,-1,-1,1,0,-1,-1,0,1,4.0,0.0
1,5,32.0,1,0,-1,-1,0,1,-1,-1,1.0,1.0
1,5,33.0,-1,-1,0,0,1,1,-1,-1,3.0,1.0
1,5,34.0,0,0,-1,-1,1,1,-1,-1,3.0,1.0
1,5,35.0,-1,-1,-1,-1,0,0,1,1,4.0,1.0
1,5,36.0,1,0,0,1,-1,-1,-1,-1,1.0,1.0
1,5,37.0,-1,-1,0,0,1,1,-1,-1,3.0,1.0
1,5,38.0,1,0,0,1,-1,-1,-1,-1,1.0,1.0
1,5,39.0,-1,-1,1,0,-1,-1,0,1,4.0,0.0
1,5,40.0,0,1,1,0,-1,-1,-1,-1,1.0,0.0
1,5,41.0,-1,-1,-1,-1,1,0,0,1,3.0,1.0
1,5,42.0,0,1,1,0,-1,-1,-1,-1,2.0,1.0
1,5,43.0,0,0,-1,-1,1,1,-1,-1,3.0,1.0
1,5,44.0,-1,-1,0,1,-1,-1,1,0,2.0,0.0
1,5,45.0,-1,-1,-1,-1,0,1,1,0,4.0,1.0
1,5,46.0,1,1,0,0,-1,-1,-1,-1,1.0,1.0
1,5,47.0,0,0,-1,-1,1,1,-1,-1,3.0,1.0
1,5,48.0,-1,-1,1,1,0,0,-1,-1,2.0,1.0
1,5,49.0,-1,-1,0,0,1,1,-1,-1,3.0,1.0
1,5,50.0,1,0,-1,-1,0,1,-1,-1,1.0,1.0
1,5,51.0,-1,-1,0,1,1,0,-1,-1,3.0,1.0
1,5,52.0,1,0,-1,-1,0,1,-1,-1,3.0,0.0
1,5,53.0,-1,-1,1,1,-1,-1,0,0,2.0,1.0
1,5,54.0,-1,-1,1,0,-1,-1,0,1,2.0,1.0
1,5,55.0,-1,-1,0,1,-1,-1,1,0,4.0,1.0
1,5,56.0,1,1,0,0,-1,-1,-1,-1,1.0,1.0
1,5,57.0,-1,-1,-1,-1,0,1,1,0,3.0,0.0
1,5,58.0,0,0,1,1,-1,-1,-1,-1,2.0,1.0
1,5,59.0,-1,-1,1,0,0,1,-1,-1,2.0,1.0
1,5,60.0,-1,-1,-1,-1,1,0,0,1,3.0,1.0
1,5,61.0,-1,-1,1,0,0,1,-1,-1,2.0,1.0
1,5,62.0,-1,-1,0,1,1,0,-1,-1,2.0,0.0
1,5,63.0,1,0,0,1,-1,-1,-1,-1,1.0,1.0
1,5,64.0,0,0,-1,-1,1,1,-1,-1,3.0,1.0
1,5,65.0,-1,-1,1,1,-1,-1,0,0,2.0,1.0
1,5,66.0,-1,-1,0,1,-1,-1,1,0,4.0,1.0
1,5,67.0,-1,-1,-1,-1,1,1,0,0,3.0,1.0
1,5,68.0,-1,-1,0,0,-1,-1,1,1,4.0,1.0
1,5,69.0,0,0,-1,-1,1,1,-1,-1,3.0,1.0
1,5,70.0,-1,-1,1,1,-1,-1,0,0,2.0,1.0
1,5,71.0,-1,-1,-1,-1,1,0,0,1,3.0,1.0
1,5,72.0,1,0,-1,-1,0,1,-1,-1,1.0,1.0
1,5,73.0,-1,-1,1,1,0,0,-1,-1,2.0,1.0
1,5,74.0,-1,-1,-1,-1,0,0,1,1,3.0,0.0
1,5,75.0,-1,-1,-1,-1,0,1,1,0,4.0,1.0
1,5,76.0,1,0,0,1,-1,-1,-1,-1,1.0,1.0
1,5,77.0,0,1,1,0,-1,-1,-1,-1,1.0,0.0
1,5,78.0,1,1,-1,-1,0,0,-1,-1,1.0,1.0
1,5,79.0,0,0,1,1,-1,-1,-1,-1,2.0,1.0
1,5,80.0,-1,-1,0,0,1,1,-1,-1,3.0,1.0
1,5,81.0,0,1,-1,-1,1,0,-1,-1,1.0,0.0
1,5,82.0,-1,-1,0,1,1,0,-1,-1,2.0,0.0
1,5,83.0,-1,-1,0,1,-1,-1,1,0,2.0,0.0
1,5,84.0,-1,-1,-1,-1,0,0,1,1,3.0,0.0
1,5,85.0,-1,-1,0,0,-1,-1,1,1,4.0,1.0
1,5,86.0,-1,-1,-1,-1,0,0,1,1,4.0,1.0
1,5,87.0,0,0,1,1,-1,-1,-1,-1,1.0,0.0
1,5,88.0,1,1,-1,-1,0,0,-1,-1,1.0,1.0
1,5,89.0,-1,-1,1,1,0,0,-1,-1,2.0,1.0
1,5,90.0,0,1,1,0,-1,-1,-1,-1,1.0,0.0
1,5,91.0,-1,-1,1,1,-1,-1,0,0,4.0,0.0
1,5,92.0,0,1,-1,-1,1,0,-1,-1,1.0,0.0
1,5,93.0,-1,-1,1,0,0,1,-1,-1,3.0,0.0
1,5,94.0,-1,-1,1,0,-1,-1,0,1,4.0,0.0
1,5,95.0,-1,-1,0,1,1,0,-1,-1,2.0,0.0
1,5,96.0,-1,-1,-1,-1,1,0,0,1,,
1,5,97.0,1,1,0,0,-1,-1,-1,-1,1.0,1.0
1,5,98.0,-1,-1,-1,-1,1,1,0,0,3.0,1.0
1,5,99.0,1,1,0,0,-1,-1,-1,-1,1.0,1.0
1,5,100.0,1,0,-1,-1,0,1,-1,-1,1.0,1.0
1,5,101.0,-1,-1,0,0,1,1,-1,-1,3.0,1.0
1,5,102.0,-1,-1,0,1,-1,-1,1,0,4.0,1.0
1,5,103.0,-1,-1,-1,-1,1,0,0,1,3.0,1.0
1,5,104.0,1,0,0,1,-1,-1,-1,-1,1.0,1.0
1,6,1.0,1,1,0,0,-1,-1,-1,-1,1.0,1.0
1,6,2.0,0,1,1,0,-1,-1,-1,-1,1.0,0.0
1,6,3.0,-1,-1,0,0,1,1,-1,-1,3.0,1.0
1,6,4.0,-1,-1,0,0,-1,-1,1,1,4.0,1.0
1,6,5.0,-1,-1,0,1,-1,-1,1,0,4.0,1.0
1,6,6.0,-1,-1,-1,-1,1,1,0,0,3.0,1.0
1,6,7.0,-1,-1,-1,-1,0,1,1,0,4.0,1.0
1,6,8.0,-1,-1,0,0,1,1,-1,-1,3.0,1.0
1,6,9.0,1,1,-1,-1,0,0,-1,-1,1.0,1.0
1,6,10.0,-1,-1,1,0,-1,-1,0,1,4.0,0.0
1,6,11.0,-1,-1,1,0,-1,-1,0,1,2.0,1.0
1,6,12.0,1,0,0,1,-1,-1,-1,-1,1.0,1.0
1,6,13.0,0,1,-1,-1,1,0,-1,-1,3.0,1.0
1,6,14.0,-1,-1,-1,-1,1,1,0,0,3.0,1.0
1,6,15.0,-1,-1,-1,-1,0,1,1,0,4.0,1.0
1,6,16.0,0,0,1,1,-1,-1,-1,-1,2.0,1.0
1,6,17.0,1,1,-1,-1,0,0,-1,-1,1.0,1.0
1,6,18.0,-1,-1,1,1,0,0,-1,-1,,
1,6,19.0,0,0,-1,-1,1,1,-1,-1,3.0,1.0
1,6,20.0,-1,-1,1,1,0,0,-1,-1,2.0,1.0
1,6,21.0,1,1,0,0,-1,-1,-1,-1,1.0,1.0
1,6,22.0,0,0,-1,-1,1,1,-1,-1,3.0,1.0
1,6,23.0,-1,-1,0,0,1,1,-1,-1,3.0,1.0
1,6,24.0,-1,-1,0,1,1,0,-1,-1,2.0,0.0
1,6,25.0,-1,-1,1,0,-1,-1,0,1,2.0,1.0
1,6,26.0,-1,-1,0,0,-1,-1,1,1,4.0,1.0
1,6,27.0,0,1,1,0,-1,-1,-1,-1,1.0,0.0
1,6,28.0,-1,-1,-1,-1,1,0,0,1,3.0,1.0
1,6,29.0,-1,-1,1,1,0,0,-1,-1,3.0,0.0
1,6,30.0,-1,-1,1,0,-1,-1,0,1,4.0,0.0
1,6,31.0,-1,-1,-1,-1,1,0,0,1,,
1,6,32.0,-1,-1,-1,-1,0,0,1,1,4.0,1.0
1,6,33.0,-1,-1,0,1,-1,-1,1,0,4.0,1.0
1,6,34.0,1,0,0,1,-1,-1,-1,-1,1.0,1.0
1,6,35.0,-1,-1,-1,-1,0,0,1,1,4.0,1.0
1,6,36.0,0,1,1,0,-1,-1,-1,-1,1.0,0.0
1,6,37.0,0,0,-1,-1,1,1,-1,-1,3.0,1.0
1,6,38.0,1,1,-1,-1,0,0,-1,-1,1.0,1.0
1,6,39.0,1,0,-1,-1,0,1,-1,-1,1.0,1.0
1,6,40.0,-1,-1,1,0,0,1,-1,-1,3.0,0.0
1,6,41.0,0,0,1,1,-1,-1,-1,-1,2.0,1.0
1,6,42.0,-1,-1,1,1,-1,-1,0,0,4.0,0.0
1,6,43.0,-1,-1,1,1,0,0,-1,-1,2.0,1.0
1,6,44.0,-1,-1,-1,-1,1,1,0,0,3.0,1.0
1,6,45.0,-1,-1,1,1,-1,-1,0,0,2.0,1.0
1,6,46.0,1,0,-1,-1,0,1,-1,-1,1.0,1.0
1,6,47.0,-1,-1,-1,-1,1,0,0,1,3.0,1.0
1,6,48.0,-1,-1,-1,-1,0,1,1,0,4.0,1.0
1,6,49.0,0,1,-1,-1,1,0,-1,-1,3.0,1.0
1,6,50.0,0,0,1,1,-1,-1,-1,-1,2.0,1.0
1,6,51.0,-1,-1,0,1,-1,-1,1,0,4.0,1.0
1,6,52.0,-1,-1,-1,-1,0,1,1,0,4.0,1.0
1,6,53.0,1,1,-1,-1,0,0,-1,-1,1.0,1.0
1,6,54.0,-1,-1,1,0,0,1,-1,-1,2.0,1.0
1,6,55.0,0,1,-1,-1,1,0,-1,-1,3.0,1.0
1,6,56.0,-1,-1,0,0,1,1,-1,-1,3.0,1.0
1,6,57.0,1,1,0,0,-1,-1,-1,-1,1.0,1.0
1,6,58.0,1,0,0,1,-1,-1,-1,-1,2.0,0.0
1,6,59.0,-1,-1,0,1,1,0,-1,-1,3.0,1.0
1,6,60.0,-1,-1,0,0,-1,-1,1,1,4.0,1.0
1,6,61.0,-1,-1,0,0,-1,-1,1,1,4.0,1.0
1,6,62.0,-1,-1,1,1,-1,-1,0,0,4.0,0.0
1,6,63.0,-1,-1,1,0,-1,-1,0,1,4.0,0.0
1,6,64.0,-1,-1,0,1,1,0,-1,-1,3.0,1.0
1,6,65.0,-1,-1,0,1,-1,-1,1,0,2.0,0.0
1,6,66.0,0,0,1,1,-1,-1,-1,-1,,
1,6,67.0,-1,-1,-1,-1,1,1,0,0,3.0,1.0
1,6,68.0,-1,-1,-1,-1,1,1,0,0,3.0,1.0
1,6,69.0,-1,-1,-1,-1,0,0,1,1,4.0,1.0
1,6,70.0,-1,-1,0,0,1,1,-1,-1,2.0,0.0
1,6,71.0,0,0,-1,-1,1,1,-1,-1,3.0,1.0
1,6,72.0,-1,-1,-1,-1,0,0,1,1,4.0,1.0
1,6,73.0,1,0,0,1,-1,-1,-1,-1,1.0,1.0
1,6,74.0,0,0,1,1,-1,-1,-1,-1,1.0,0.0
1,6,75.0,1,1,-1,-1,0,0,-1,-1,1.0,1.0
1,6,76.0,0,1,-1,-1,1,0,-1,-1,3.0,1.0
1,6,77.0,-1,-1,1,1,0,0,-1,-1,2.0,1.0
1,6,78.0,-1,-1,1,0,0,1,-1,-1,2.0,1.0
1,6,79.0,1,0,0,1,-1,-1,-1,-1,1.0,1.0
1,6,80.0,1,0,-1,-1,0,1,-1,-1,1.0,1.0
1,6,81.0,-1,-1,-1,-1,0,0,1,1,3.0,0.0
1,6,82.0,-1,-1,-1,-1,0,1,1,0,4.0,1.0
1,6,83.0,1,0,0,1,-1,-1,-1,-1,1.0,1.0
1,6,84.0,1,0,-1,-1,0,1,-1,-1,1.0,1.0
1,6,85.0,-1,-1,1,1,0,0,-1,-1,2.0,1.0
1,6,86.0,-1,-1,0,1,1,0,-1,-1,3.0,1.0
1,6,87.0,0,1,1,0,-1,-1,-1,-1,2.0,1.0
1,6,88.0,0,1,-1,-1,1,0,-1,-1,3.0,1.0
1,6,89.0,0,1,-1,-1,1,0,-1,-1,3.0,1.0
1,6,90.0,-1,-1,1,0,0,1,-1,-1,2.0,1.0
1,6,91.0,-1,-1,0,1,-1,-1,1,0,4.0,1.0
1,6,92.0,-1,-1,0,1,1,0,-1,-1,3.0,1.0
1,6,93.0,-1,-1,1,1,-1,-1,0,0,2.0,1.0
1,6,94.0,-1,-1,0,0,-1,-1,1,1,4.0,1.0
1,6,95.0,1,0,-1,-1,0,1,-1,-1,1.0,1.0
1,6,96.0,0,1,1,0,-1,-1,-1,-1,2.0,1.0
1,6,97.0,-1,-1,1,1,-1,-1,0,0,2.0,1.0
1,6,98.0,-1,-1,-1,-1,1,1,0,0,3.0,1.0
1,6,99.0,1,0,0,1,-1,-1,-1,-1,1.0,1.0
1,6,100.0,-1,-1,-1,-1,1,0,0,1,4.0,0.0
1,6,101.0,-1,-1,0,0,-1,-1,1,1,4.0,1.0
1,6,102.0,0,1,-1,-1,1,0,-1,-1,3.0,1.0
1,6,103.0,-1,-1,-1,-1,1,0,0,1,3.0,1.0
1,7,1.0,0,0,-1,-1,1,1,-1,-1,3.0,1.0
1,7,2.0,1,1,0,0,-1,-1,-1,-1,1.0,1.0
1,7,3.0,1,0,0,1,-1,-1,-1,-1,1.0,1.0
1,7,4.0,1,1,-1,-1,0,0,-1,-1,1.0,1.0
1,7,5.0,0,0,-1,-1,1,1,-1,-1,3.0,1.0
1,7,6.0,-1,-1,0,0,1,1,-1,-1,3.0,1.0
1,7,7.0,-1,-1,0,0,-1,-1,1,1,4.0,1.0
1,7,8.0,-1,-1,-1,-1,1,1,0,0,3.0,1.0
1,7,9.0,-1,-1,-1,-1,1,1,0,0,3.0,1.0
1,7,10.0,-1,-1,1,1,-1,-1,0,0,2.0,1.0
1,7,11.0,0,1,1,0,-1,-1,-1,-1,1.0,0.0
1,7,12.0,1,0,-1,-1,0,1,-1,-1,1.0,1.0
1,7,13.0,-1,-1,1,1,-1,-1,0,0,4.0,0.0
1,7,14.0,-1,-1,-1,-1,0,0,1,1,4.0,1.0
1,7,15.0,-1,-1,0,0,-1,-1,1,1,4.0,1.0
1,7,16.0,-1,-1,-1,-1,0,1,1,0,4.0,1.0
1,7,17.0,-1,-1,0,1,1,0,-1,-1,3.0,1.0
1,7,18.0,0,0,1,1,-1,-1,-1,-1,2.0,1.0
1,7,19.0,-1,-1,1,1,0,0,-1,-1,2.0,1.0
1,7,20.0,-1,-1,1,1,0,0,-1,-1,3.0,0.0
1,7,21.0,-1,-1,1,0,-1,-1,0,1,4.0,0.0
1,7,22.0,-1,-1,0,0,-1,-1,1,1,4.0,1.0
1,7,23.0,-1,-1,0,1,1,0,-1,-1,3.0,1.0
1,7,24.0,-1,-1,-1,-1,1,0,0,1,4.0,0.0
1,7,25.0,-1,-1,-1,-1,0,1,1,0,4.0,1.0
1,7,26.0,1,1,0,0,-1,-1,-1,-1,1.0,1.0
1,7,27.0,-1,-1,-1,-1,0,0,1,1,4.0,1.0
1,7,28.0,1,1,-1,-1,0,0,-1,-1,1.0,1.0
1,7,29.0,1,1,0,0,-1,-1,-1,-1,1.0,1.0
1,7,30.0,-1,-1,1,1,0,0,-1,-1,2.0,1.0
1,7,31.0,-1,-1,0,1,-1,-1,1,0,4.0,1.0
1,7,32.0,0,1,1,0,-1,-1,-1,-1,1.0,0.0
1,7,33.0,0,1,1,0,-1,-1,-1,-1,2.0,1.0
1,7,34.0,-1,-1,1,0,0,1,-1,-1,3.0,0.0
1,7,35.0,1,0,-1,-1,0,1,-1,-1,1.0,1.0
1,7,36.0,-1,-1,-1,-1,1,0,0,1,4.0,0.0
1,7,37.0,0,0,-1,-1,1,1,-1,-1,3.0,1.0
1,7,38.0,0,1,-1,-1,1,0,-1,-1,1.0,0.0
1,7,39.0,-1,-1,0,0,1,1,-1,-1,3.0,1.0
1,7,40.0,-1,-1,1,1,-1,-1,0,0,2.0,1.0
1,7,41.0,1,1,-1,-1,0,0,-1,-1,1.0,1.0
1,7,42.0,-1,-1,1,1,-1,-1,0,0,2.0,1.0
1,7,43.0,-1,-1,0,1,-1,-1,1,0,4.0,1.0
1,7,44.0,1,1,-1,-1,0,0,-1,-1,1.0,1.0
1,7,45.0,-1,-1,-1,-1,0,0,1,1,4.0,1.0
1,7,46.0,-1,-1,1,0,0,1,-1,-1,3.0,0.0
1,7,47.0,-1,-1,1,0,0,1,-1,-1,2.0,1.0
1,7,48.0,1,1,0,0,-1,-1,-1,-1,1.0,1.0
1,7,49.0,0,1,1,0,-1,-1,-1,-1,1.0,0.0
1,7,50.0,-1,-1,0,0,1,1,-1,-1,3.0,1.0
1,7,51.0,-1,-1,1,0,-1,-1,0,1,4.0,0.0
1,7,52.0,-1,-1,0,0,-1,-1,1,1,4.0,1.0
1,7,53.0,-1,-1,-1,-1,1,0,0,1,4.0,0.0
1,8,1.0,1,1,-1,-1,0,0,-1,-1,1.0,1.0
1,8,2.0,0,0,-1,-1,1,1,-1,-1,3.0,1.0
1,8,3.0,-1,-1,0,0,1,1,-1,-1,3.0,1.0
1,8,4.0,-1,-1,1,1,0,0,-1,-1,2.0,1.0
1,8,5.0,-1,-1,0,0,-1,-1,1,1,4.0,1.0
1,8,6.0,-1,-1,1,0,-1,-1,0,1,2.0,1.0
1,8,7.0,-1,-1,-1,-1,1,0,0,1,3.0,1.0
1,8,8.0,0,0,1,1,-1,-1,-1,-1,2.0,1.0
1,8,9.0,-1,-1,0,0,-1,-1,1,1,2.0,0.0
1,8,10.0,0,0,1,1,-1,-1,-1,-1,1.0,0.0
1,8,11.0,-1,-1,1,1,0,0,-1,-1,2.0,1.0
1,8,12.0,-1,-1,1,1,-1,-1,0,0,2.0,1.0
1,8,13.0,1,1,0,0,-1,-1,-1,-1,1.0,1.0
1,8,14.0,-1,-1,0,1,1,0,-1,-1,3.0,1.0
1,8,15.0,0,0,-1,-1,1,1,-1,-1,3.0,1.0
1,8,16.0,-1,-1,-1,-1,0,1,1,0,4.0,1.0
1,8,17.0,-1,-1,-1,-1,0,1,1,0,4.0,1.0
1,8,18.0,1,1,-1,-1,0,0,-1,-1,1.0,1.0
1,8,19.0,1,1,0,0,-1,-1,-1,-1,1.0,1.0
1,8,20.0,-1,-1,-1,-1,1,1,0,0,3.0,1.0
1,8,21.0,-1,-1,-1,-1,0,0,1,1,3.0,0.0
1,8,22.0,1,0,0,1,-1,-1,-1,-1,1.0,1.0
1,8,23.0,0,1,-1,-1,1,0,-1,-1,3.0,1.0
1,8,24.0,0,1,1,0,-1,-1,-1,-1,2.0,1.0
1,8,25.0,-1,-1,1,1,-1,-1,0,0,2.0,1.0
1,8,26.0,-1,-1,0,0,-1,-1,1,1,4.0,1.0
1,8,27.0,-1,-1,-1,-1,1,1,0,0,3.0,1.0
1,8,28.0,-1,-1,-1,-1,1,1,0,0,3.0,1.0
1,8,29.0,-1,-1,0,0,1,1,-1,-1,3.0,1.0
1,8,30.0,1,0,0,1,-1,-1,-1,-1,1.0,1.0
1,8,31.0,0,0,1,1,-1,-1,-1,-1,2.0,1.0
1,8,32.0,1,0,-1,-1,0,1,-1,-1,1.0,1.0
1,8,33.0,0,1,-1,-1,1,0,-1,-1,3.0,1.0
1,8,34.0,-1,-1,1,1,0,0,-1,-1,2.0,1.0
1,8,35.0,-1,-1,1,1,0,0,-1,-1,2.0,1.0
1,8,36.0,-1,-1,0,0,1,1,-1,-1,3.0,1.0
1,8,37.0,-1,-1,0,1,-1,-1,1,0,4.0,1.0
1,8,38.0,-1,-1,1,0,-1,-1,0,1,2.0,1.0
1,8,39.0,-1,-1,-1,-1,0,0,1,1,3.0,0.0
1,8,40.0,1,0,-1,-1,0,1,-1,-1,1.0,1.0
1,8,41.0,0,0,-1,-1,1,1,-1,-1,3.0,1.0
1,8,42.0,-1,-1,1,0,-1,-1,0,1,2.0,1.0
1,8,43.0,-1,-1,0,0,-1,-1,1,1,2.0,0.0
1,8,44.0,1,1,-1,-1,0,0,-1,-1,1.0,1.0
1,8,45.0,-1,-1,-1,-1,1,0,0,1,4.0,0.0
1,8,46.0,1,1,0,0,-1,-1,-1,-1,1.0,1.0
1,8,47.0,1,1,0,0,-1,-1,-1,-1,1.0,1.0
1,8,48.0,-1,-1,0,0,-1,-1,1,1,2.0,0.0
1,8,49.0,-1,-1,-1,-1,0,1,1,0,4.0,1.0
1,8,50.0,-1,-1,-1,-1,0,1,1,0,4.0,1.0
1,9,1.0,-1,-1,0,1,-1,-1,1,0,2.0,0.0
1,9,2.0,-1,-1,-1,-1,1,1,0,0,3.0,1.0
1,9,3.0,-1,-1,0,1,1,0,-1,-1,3.0,1.0
1,9,4.0,-1,-1,1,0,-1,-1,0,1,4.0,0.0
1,9,5.0,-1,-1,-1,-1,0,1,1,0,3.0,0.0
1,9,6.0,-1,-1,1,1,0,0,-1,-1,2.0,1.0
1,9,7.0,-1,-1,-1,-1,1,1,0,0,3.0,1.0
1,9,8.0,-1,-1,-1,-1,0,1,1,0,4.0,1.0
1,9,9.0,0,1,1,0,-1,-1,-1,-1,2.0,1.0
1,9,10.0,1,1,-1,-1,0,0,-1,-1,1.0,1.0
1,9,11.0,1,0,0,1,-1,-1,-1,-1,1.0,1.0
1,9,12.0,1,0,0,1,-1,-1,-1,-1,1.0,1.0
1,9,13.0,1,1,-1,-1,0,0,-1,-1,1.0,1.0
1,9,14.0,0,0,-1,-1,1,1,-1,-1,3.0,1.0
1,9,15.0,-1,-1,1,1,-1,-1,0,0,2.0,1.0
1,9,16.0,0,1,1,0,-1,-1,-1,-1,2.0,1.0
1,9,17.0,0,0,-1,-1,1,1,-1,-1,3.0,1.0
1,9,18.0,-1,-1,0,0,-1,-1,1,1,4.0,1.0
1,9,19.0,-1,-1,0,1,1,0,-1,-1,3.0,1.0
1,9,20.0,-1,-1,1,0,0,1,-1,-1,2.0,1.0
1,9,21.0,0,1,-1,-1,1,0,-1,-1,3.0,1.0
1,9,22.0,0,0,-1,-1,1,1,-1,-1,3.0,1.0
1,9,23.0,-1,-1,1,1,-1,-1,0,0,2.0,1.0
1,9,24.0,-1,-1,0,1,1,0,-1,-1,3.0,1.0
1,9,25.0,-1,-1,0,0,-1,-1,1,1,4.0,1.0
1,9,26.0,-1,-1,-1,-1,1,1,0,0,3.0,1.0
1,9,27.0,-1,-1,1,1,0,0,-1,-1,2.0,1.0
1,9,28.0,-1,-1,-1,-1,1,1,0,0,3.0,1.0
1,9,29.0,-1,-1,-1,-1,0,0,1,1,4.0,1.0
1,9,30.0,0,1,1,0,-1,-1,-1,-1,2.0,1.0
1,9,31.0,-1,-1,-1,-1,0,1,1,0,4.0,1.0
1,9,32.0,1,1,-1,-1,0,0,-1,-1,1.0,1.0
1,9,33.0,1,1,-1,-1,0,0,-1,-1,1.0,1.0
1,9,34.0,-1,-1,0,0,1,1,-1,-1,3.0,1.0
1,9,35.0,-1,-1,0,1,-1,-1,1,0,4.0,1.0
1,9,36.0,1,0,0,1,-1,-1,-1,-1,1.0,1.0
1,9,37.0,-1,-1,1,0,0,1,-1,-1,2.0,1.0
1,9,38.0,0,0,1,1,-1,-1,-1,-1,2.0,1.0
1,9,39.0,-1,-1,1,0,-1,-1,0,1,2.0,1.0
1,9,40.0,1,0,0,1,-1,-1,-1,-1,1.0,1.0
1,9,41.0,-1,-1,0,1,-1,-1,1,0,4.0,1.0
1,9,42.0,-1,-1,1,0,0,1,-1,-1,3.0,0.0
1,9,43.0,-1,-1,1,0,-1,-1,0,1,2.0,1.0
1,9,44.0,-1,-1,-1,-1,1,0,0,1,3.0,1.0
1,9,45.0,1,1,0,0,-1,-1,-1,-1,1.0,1.0
1,9,46.0,0,1,-1,-1,1,0,-1,-1,3.0,1.0
1,9,47.0,0,1,1,0,-1,-1,-1,-1,2.0,1.0
1,9,48.0,-1,-1,1,1,0,0,-1,-1,2.0,1.0
1,9,49.0,-1,-1,0,1,1,0,-1,-1,3.0,1.0
1,9,50.0,1,1,0,0,-1,-1,-1,-1,1.0,1.0
2,1,1.0,-1,-1,1,0,0,1,-1,-1,2.0,1.0
2,1,2.0,-1,-1,0,1,1,0,-1,-1,3.0,1.0
2,1,3.0,-1,-1,1,1,-1,-1,0,0,2.0,1.0
2,1,4.0,-1,-1,-1,-1,1,1,0,0,4.0,0.0
2,1,5.0,1,1,0,0,-1,-1,-1,-1,1.0,1.0
2,1,6.0,-1,-1,-1,-1,0,0,1,1,4.0,1.0
2,1,7.0,-1,-1,0,1,-1,-1,1,0,2.0,0.0
2,1,8.0,-1,-1,-1,-1,1,0,0,1,3.0,1.0
2,1,9.0,1,1,-1,-1,0,0,-1,-1,3.0,0.0
2,1,10.0,0,1,-1,-1,1,0,-1,-1,3.0,1.0
2,1,11.0,0,0,1,1,-1,-1,-1,-1,2.0,1.0
2,1,12.0,-1,-1,1,0,-1,-1,0,1,2.0,1.0
2,1,13.0,0,0,-1,-1,1,1,-1,-1,3.0,1.0
2,1,14.0,-1,-1,0,0,-1,-1,1,1,4.0,1.0
2,1,15.0,-1,-1,-1,-1,0,1,1,0,4.0,1.0
2,1,16.0,1,0,-1,-1,0,1,-1,-1,1.0,1.0
2,1,17.0,-1,-1,0,1,1,0,-1,-1,3.0,1.0
2,1,18.0,1,1,0,0,-1,-1,-1,-1,1.0,1.0
2,1,19.0,0,0,1,1,-1,-1,-1,-1,2.0,1.0
2,1,20.0,-1,-1,1,1,0,0,-1,-1,2.0,1.0
2,1,21.0,-1,-1,0,1,1,0,-1,-1,2.0,0.0
2,1,22.0,-1,-1,0,1,-1,-1,1,0,4.0,1.0
2,1,23.0,-1,-1,1,0,-1,-1,0,1,2.0,1.0
2,1,24.0,-1,-1,0,1,-1,-1,1,0,4.0,1.0
2,1,25.0,-1,-1,-1,-1,1,0,0,1,3.0,1.0
2,1,26.0,1,1,0,0,-1,-1,-1,-1,1.0,1.0
2,1,27.0,-1,-1,-1,-1,0,0,1,1,4.0,1.0
2,1,28.0,-1,-1,-1,-1,1,0,0,1,3.0,1.0
2,1,29.0,-1,-1,-1,-1,0,0,1,1,4.0,1.0
2,1,30.0,1,0,-1,-1,0,1,-1,-1,1.0,1.0
2,1,31.0,0,1,-1,-1,1,0,-1,-1,3.0,1.0
2,1,32.0,1,0,0,1,-1,-1,-1,-1,1.0,1.0
2,1,33.0,-1,-1,1,1,0,0,-1,-1,2.0,1.0
2,1,34.0,0,0,-1,-1,1,1,-1,-1,3.0,1.0
2,1,35.0,-1,-1,0,1,1,0,-1,-1,3.0,1.0
2,1,36.0,0,0,1,1,-1,-1,-1,-1,2.0,1.0
2,1,37.0,0,1,1,0,-1,-1,-1,-1,2.0,1.0
2,1,38.0,-1,-1,1,1,0,0,-1,-1,2.0,1.0
2,1,39.0,-1,-1,1,0,-1,-1,0,1,2.0,1.0
2,1,40.0,1,0,-1,-1,0,1,-1,-1,1.0,1.0
2,1,41.0,-1,-1,1,0,0,1,-1,-1,2.0,1.0
2,1,42.0,1,0,-1,-1,0,1,-1,-1,1.0,1.0
2,1,43.0,-1,-1,1,0,-1,-1,0,1,2.0,1.0
2,1,44.0,1,1,-1,-1,0,0,-1,-1,1.0,1.0
2,1,45.0,-1,-1,0,0,1,1,-1,-1,3.0,1.0
2,1,46.0,-1,-1,0,0,-1,-1,1,1,4.0,1.0
2,1,47.0,1,1,0,0,-1,-1,-1,-1,1.0,1.0
2,1,48.0,0,1,-1,-1,1,0,-1,-1,3.0,1.0
2,1,49.0,-1,-1,0,0,-1,-1,1,1,4.0,1.0
2,1,50.0,1,1,0,0,-1,-1,-1,-1,2.0,0.0
2,2,1.0,-1,-1,-1,-1,0,1,1,0,4.0,1.0
2,2,2.0,1,1,0,0,-1,-1,-1,-1,2.0,0.0
2,2,3.0,-1,-1,1,0,0,1,-1,-1,2.0,1.0
2,2,4.0,-1,-1,-1,-1,0,0,1,1,4.0,1.0
2,2,5.0,1,0,0,1,-1,-1,-1,-1,1.0,1.0
2,2,6.0,0,0,-1,-1,1,1,-1,-1,3.0,1.0
2,2,7.0,1,1,-1,-1,0,0,-1,-1,1.0,1.0
2,2,8.0,-1,-1,1,0,0,1,-1,-1,2.0,1.0
2,2,9.0,-1,-1,0,1,1,0,-1,-1,3.0,1.0
2,2,10.0,0,1,-1,-1,1,0,-1,-1,3.0,1.0
2,2,11.0,-1,-1,0,1,1,0,-1,-1,3.0,1.0
2,2,12.0,-1,-1,0,1,-1,-1,1,0,4.0,1.0
2,2,13.0,-1,-1,0,0,-1,-1,1,1,4.0,1.0
2,2,14.0,-1,-1,1,1,-1,-1,0,0,2.0,1.0
2,2,15.0,0,0,1,1,-1,-1,-1,-1,1.0,0.0
2,2,16.0,1,0,-1,-1,0,1,-1,-1,1.0,1.0
2,2,17.0,-1,-1,1,0,-1,-1,0,1,2.0,1.0
2,2,18.0,0,0,1,1,-1,-1,-1,-1,2.0,1.0
2,2,19.0,-1,-1,-1,-1,1,0,0,1,3.0,1.0
2,2,20.0,-1,-1,-1,-1,1,0,0,1,3.0,1.0
2,2,21.0,0,0,-1,-1,1,1,-1,-1,3.0,1.0
2,2,22.0,1,1,0,0,-1,-1,-1,-1,1.0,1.0
2,2,23.0,-1,-1,1,1,-1,-1,0,0,2.0,1.0
2,2,24.0,0,1,1,0,-1,-1,-1,-1,2.0,1.0
2,2,25.0,-1,-1,1,0,-1,-1,0,1,2.0,1.0
2,2,26.0,-1,-1,-1,-1,1,1,0,0,3.0,1.0
2,2,27.0,-1,-1,-1,-1,0,1,1,0,4.0,1.0
2,2,28.0,0,0,1,1,-1,-1,-1,-1,2.0,1.0
2,2,29.0,-1,-1,1,1,0,0,-1,-1,2.0,1.0
2,2,30.0,-1,-1,0,0,-1,-1,1,1,4.0,1.0
3,1,1.0,-1,-1,0,1,1,0,-1,-1,3.0,0.0
3,1,2.0,0,1,1,0,-1,-1,-1,-1,2.0,0.0
3,1,3.0,0,0,1,1,-1,-1,-1,-1,1.0,0.0
3,1,4.0,-1,-1,0,0,1,1,-1,-1,3.0,1.0
3,1,5.0,-1,-1,0,0,1,1,-1,-1,2.0,0.0
3,1,6.0,1,0,-1,-1,-1,-1,0,1,1.0,0.0
3,1,7.0,1,1,-1,-1,-1,-1,0,0,1.0,1.0
3,1,8.0,-1,-1,0,1,-1,-1,1,0,4.0,0.0
3,1,9.0,-1,-1,1,1,-1,-1,0,0,2.0,1.0
3,1,10.0,-1,-1,-1,-1,1,1,0,0,3.0,1.0
3,1,11.0,-1,-1,-1,-1,1,1,0,0,3.0,1.0
3,1,12.0,0,1,-1,-1,1,0,-1,-1,3.0,0.0
3,1,13.0,-1,-1,0,1,1,0,-1,-1,2.0,1.0
3,1,14.0,-1,-1,-1,-1,0,0,1,1,4.0,1.0
3,1,15.0,1,0,-1,-1,-1,-1,0,1,1.0,0.0
3,1,16.0,0,0,-1,-1,1,1,-1,-1,,
3,1,17.0,1,1,0,0,-1,-1,-1,-1,1.0,1.0
3,1,18.0,0,1,-1,-1,1,0,-1,-1,3.0,0.0
3,1,19.0,0,1,-1,-1,-1,-1,1,0,4.0,0.0
3,1,20.0,1,0,-1,-1,0,1,-1,-1,1.0,0.0
3,1,21.0,0,0,1,1,-1,-1,-1,-1,2.0,1.0
3,1,22.0,-1,-1,1,0,-1,-1,0,1,2.0,0.0
3,1,23.0,-1,-1,0,0,-1,-1,1,1,4.0,1.0
3,1,24.0,-1,-1,-1,-1,1,0,0,1,3.0,0.0
3,1,25.0,1,1,0,0,-1,-1,-1,-1,1.0,1.0
3,1,26.0,0,1,-1,-1,-1,-1,1,0,4.0,0.0
3,1,27.0,0,0,-1,-1,1,1,-1,-1,3.0,1.0
3,1,28.0,0,0,-1,-1,1,1,-1,-1,3.0,1.0
3,1,29.0,-1,-1,0,1,1,0,-1,-1,,
3,1,30.0,1,1,-1,-1,-1,-1,0,0,1.0,1.0
3,1,31.0,0,0,-1,-1,-1,-1,1,1,4.0,1.0
3,1,32.0,1,1,-1,-1,0,0,-1,-1,1.0,1.0
3,1,33.0,-1,-1,0,1,-1,-1,1,0,4.0,0.0
3,1,34.0,-1,-1,0,0,-1,-1,1,1,2.0,0.0
3,1,35.0,1,1,-1,-1,0,0,-1,-1,1.0,1.0
3,1,36.0,-1,-1,1,1,0,0,-1,-1,2.0,1.0
3,1,37.0,0,0,1,1,-1,-1,-1,-1,2.0,1.0
3,1,38.0,-1,-1,1,0,0,1,-1,-1,2.0,0.0
3,1,39.0,0,0,-1,-1,-1,-1,1,1,,
3,1,40.0,-1,-1,-1,-1,1,1,0,0,3.0,1.0
3,1,41.0,-1,-1,-1,-1,0,0,1,1,4.0,1.0
3,1,42.0,-1,-1,-1,-1,1,0,0,1,3.0,0.0
3,1,43.0,-1,-1,1,0,0,1,-1,-1,,
3,1,44.0,1,1,0,0,-1,-1,-1,-1,1.0,1.0
3,1,45.0,1,0,0,1,-1,-1,-1,-1,1.0,0.0
3,1,46.0,-1,-1,0,1,-1,-1,1,0,4.0,0.0
3,1,47.0,-1,-1,0,0,-1,-1,1,1,4.0,1.0
3,1,48.0,-1,-1,-1,-1,0,1,1,0,4.0,0.0
3,1,49.0,-1,-1,1,1,-1,-1,0,0,2.0,1.0
3,1,50.0,-1,-1,0,0,1,1,-1,-1,3.0,1.0
3,1,51.0,-1,-1,1,1,-1,-1,0,0,2.0,1.0
3,1,52.0,-1,-1,-1,-1,1,1,0,0,3.0,1.0
3,1,53.0,-1,-1,-1,-1,1,0,0,1,3.0,0.0
3,1,54.0,-1,-1,1,0,0,1,-1,-1,3.0,1.0
3,2,1.0,0,1,-1,-1,1,0,-1,-1,3.0,0.0
3,2,2.0,-1,-1,0,0,-1,-1,1,1,4.0,1.0
3,2,3.0,0,0,-1,-1,1,1,-1,-1,3.0,1.0
3,2,4.0,-1,-1,-1,-1,0,1,1,0,4.0,0.0
3,2,5.0,-1,-1,0,1,-1,-1,1,0,4.0,0.0
3,2,6.0,-1,-1,-1,-1,1,1,0,0,3.0,1.0
3,2,7.0,0,0,-1,-1,1,1,-1,-1,3.0,1.0
3,2,8.0,-1,-1,-1,-1,0,0,1,1,4.0,1.0
3,2,9.0,-1,-1,-1,-1,0,0,1,1,4.0,1.0
3,2,10.0,-1,-1,1,0,-1,-1,0,1,2.0,0.0
3,2,11.0,1,1,0,0,-1,-1,-1,-1,1.0,1.0
3,2,12.0,1,0,0,1,-1,-1,-1,-1,1.0,0.0
3,2,13.0,1,0,0,1,-1,-1,-1,-1,1.0,0.0
3,2,14.0,0,1,-1,-1,1,0,-1,-1,,
3,2,15.0,-1,-1,1,1,0,0,-1,-1,2.0,1.0
3,2,16.0,1,1,-1,-1,-1,-1,0,0,1.0,1.0
3,2,17.0,-1,-1,1,0,0,1,-1,-1,3.0,1.0
3,2,18.0,1,1,-1,-1,-1,-1,0,0,1.0,1.0
3,2,19.0,1,1,0,0,-1,-1,-1,-1,1.0,1.0
3,2,20.0,1,0,-1,-1,-1,-1,0,1,4.0,1.0
3,2,21.0,0,0,-1,-1,-1,-1,1,1,4.0,1.0
3,2,22.0,-1,-1,1,1,0,0,-1,-1,2.0,1.0
3,2,23.0,-1,-1,1,0,0,1,-1,-1,3.0,1.0
3,2,24.0,-1,-1,0,1,-1,-1,1,0,4.0,0.0
3,2,25.0,-1,-1,1,0,0,1,-1,-1,2.0,0.0
3,2,26.0,1,1,0,0,-1,-1,-1,-1,1.0,1.0
3,2,27.0,0,1,-1,-1,1,0,-1,-1,3.0,0.0
3,2,28.0,0,0,1,1,-1,-1,-1,-1,2.0,1.0
3,2,29.0,-1,-1,0,1,1,0,-1,-1,3.0,0.0
3,2,30.0,1,0,-1,-1,-1,-1,0,1,1.0,0.0
3,2,31.0,1,0,-1,-1,0,1,-1,-1,1.0,0.0
3,2,32.0,1,1,-1,-1,-1,-1,0,0,1.0,1.0
3,2,33.0,-1,-1,1,0,-1,-1,0,1,2.0,0.0
3,2,34.0,-1,-1,0,0,-1,-1,1,1,4.0,1.0
3,2,35.0,0,1,-1,-1,-1,-1,1,0,4.0,0.0
3,2,36.0,-1,-1,-1,-1,0,1,1,0,3.0,1.0
3,2,37.0,-1,-1,-1,-1,0,1,1,0,4.0,0.0
3,2,38.0,-1,-1,-1,-1,1,0,0,1,3.0,0.0
3,2,39.0,1,1,0,0,-1,-1,-1,-1,1.0,1.0
3,2,40.0,-1,-1,1,1,0,0,-1,-1,2.0,1.0
3,2,41.0,-1,-1,1,1,-1,-1,0,0,2.0,1.0
3,2,42.0,-1,-1,-1,-1,1,0,0,1,4.0,1.0
3,2,43.0,0,0,-1,-1,1,1,-1,-1,3.0,1.0
3,2,44.0,-1,-1,0,0,1,1,-1,-1,3.0,1.0
3,2,45.0,-1,-1,0,1,-1,-1,1,0,4.0,0.0
3,2,46.0,1,1,-1,-1,0,0,-1,-1,1.0,1.0
3,2,47.0,1,0,-1,-1,-1,-1,0,1,1.0,0.0
3,2,48.0,0,0,1,1,-1,-1,-1,-1,,
3,2,49.0,0,0,1,1,-1,-1,-1,-1,2.0,1.0
3,2,50.0,0,0,-1,-1,1,1,-1,-1,3.0,1.0
3,2,51.0,-1,-1,1,0,-1,-1,0,1,2.0,0.0
3,2,52.0,0,0,-1,-1,1,1,-1,-1,3.0,1.0
3,2,53.0,-1,-1,-1,-1,1,0,0,1,3.0,0.0
3,2,54.0,-1,-1,0,0,1,1,-1,-1,3.0,1.0
3,2,55.0,1,1,-1,-1,0,0,-1,-1,1.0,1.0
3,2,56.0,-1,-1,-1,-1,0,1,1,0,4.0,0.0
3,2,57.0,1,0,0,1,-1,-1,-1,-1,1.0,0.0
3,2,58.0,-1,-1,0,0,1,1,-1,-1,3.0,1.0
3,2,59.0,1,1,-1,-1,0,0,-1,-1,1.0,1.0
3,2,60.0,1,1,-1,-1,-1,-1,0,0,1.0,1.0
3,2,61.0,0,1,1,0,-1,-1,-1,-1,2.0,0.0
3,2,62.0,1,0,-1,-1,-1,-1,0,1,,
3,2,63.0,-1,-1,0,1,-1,-1,1,0,4.0,0.0
3,2,64.0,1,0,-1,-1,-1,-1,0,1,4.0,1.0
3,2,65.0,-1,-1,0,1,1,0,-1,-1,3.0,0.0
3,2,66.0,1,1,0,0,-1,-1,-1,-1,1.0,1.0
3,2,67.0,-1,-1,0,1,-1,-1,1,0,4.0,0.0
3,2,68.0,-1,-1,0,0,-1,-1,1,1,,
3,2,69.0,-1,-1,0,1,1,0,-1,-1,3.0,0.0
3,2,70.0,-1,-1,-1,-1,0,1,1,0,4.0,0.0
3,2,71.0,-1,-1,-1,-1,0,0,1,1,4.0,1.0
3,2,72.0,0,1,-1,-1,-1,-1,1,0,4.0,0.0
3,2,73.0,0,0,-1,-1,-1,-1,1,1,4.0,1.0
3,2,74.0,-1,-1,1,0,-1,-1,0,1,2.0,0.0
3,2,75.0,1,0,0,1,-1,-1,-1,-1,1.0,0.0
3,2,76.0,-1,-1,-1,-1,1,1,0,0,3.0,1.0
3,2,77.0,-1,-1,1,0,-1,-1,0,1,4.0,1.0
3,2,78.0,-1,-1,-1,-1,0,0,1,1,4.0,1.0
3,2,79.0,-1,-1,-1,-1,0,0,1,1,4.0,1.0
3,2,80.0,0,0,-1,-1,1,1,-1,-1,3.0,1.0
3,2,81.0,1,1,-1,-1,0,0,-1,-1,1.0,1.0
3,2,82.0,0,0,-1,-1,-1,-1,1,1,4.0,1.0
3,2,83.0,1,1,0,0,-1,-1,-1,-1,1.0,1.0
3,2,84.0,1,1,0,0,-1,-1,-1,-1,1.0,1.0
3,2,85.0,1,0,0,1,-1,-1,-1,-1,1.0,0.0
3,2,86.0,1,1,-1,-1,-1,-1,0,0,4.0,0.0
3,2,87.0,-1,-1,0,1,-1,-1,1,0,2.0,1.0
3,2,88.0,0,0,-1,-1,1,1,-1,-1,3.0,1.0
3,2,89.0,-1,-1,0,1,1,0,-1,-1,3.0,0.0
3,2,90.0,-1,-1,1,1,-1,-1,0,0,2.0,1.0
3,2,91.0,-1,-1,-1,-1,0,1,1,0,4.0,0.0
3,2,92.0,-1,-1,1,0,0,1,-1,-1,2.0,0.0
3,2,93.0,-1,-1,1,0,0,1,-1,-1,2.0,0.0
3,2,94.0,1,1,-1,-1,-1,-1,0,0,1.0,1.0
3,2,95.0,-1,-1,0,1,1,0,-1,-1,,
3,2,96.0,0,1,-1,-1,1,0,-1,-1,,
3,2,97.0,-1,-1,-1,-1,0,1,1,0,4.0,0.0
3,2,98.0,0,0,1,1,-1,-1,-1,-1,2.0,1.0
3,2,99.0,0,1,-1,-1,1,0,-1,-1,1.0,1.0
3,2,100.0,-1,-1,-1,-1,1,1,0,0,3.0,1.0
3,2,101.0,-1,-1,-1,-1,1,0,0,1,4.0,1.0
3,2,102.0,0,1,-1,-1,1,0,-1,-1,3.0,0.0
3,2,103.0,-1,-1,1,1,0,0,-1,-1,2.0,1.0
3,2,104.0,0,0,-1,-1,-1,-1,1,1,4.0,1.0
3,2,105.0,-1,-1,-1,-1,1,0,0,1,3.0,0.0
3,2,106.0,0,1,1,0,-1,-1,-1,-1,2.0,0.0
3,3,1.0,1,0,-1,-1,0,1,-1,-1,1.0,0.0
3,3,2.0,-1,-1,1,1,-1,-1,0,0,2.0,1.0
3,3,3.0,1,0,0,1,-1,-1,-1,-1,1.0,0.0
3,3,4.0,-1,-1,1,0,0,1,-1,-1,3.0,1.0
3,3,5.0,0,0,-1,-1,1,1,-1,-1,3.0,1.0
3,3,6.0,0,1,-1,-1,1,0,-1,-1,3.0,0.0
3,3,7.0,-1,-1,1,1,0,0,-1,-1,2.0,1.0
3,3,8.0,-1,-1,1,1,0,0,-1,-1,2.0,1.0
3,3,9.0,0,0,-1,-1,-1,-1,1,1,4.0,1.0
3,3,10.0,-1,-1,0,0,-1,-1,1,1,4.0,1.0
3,3,11.0,-1,-1,1,0,-1,-1,0,1,2.0,0.0
3,3,12.0,-1,-1,-1,-1,0,1,1,0,4.0,0.0
3,3,13.0,-1,-1,-1,-1,0,1,1,0,4.0,0.0
3,3,14.0,-1,-1,-1,-1,1,0,0,1,3.0,0.0
3,3,15.0,-1,-1,-1,-1,1,0,0,1,3.0,0.0
3,3,16.0,1,1,-1,-1,-1,-1,0,0,1.0,1.0
3,3,17.0,1,1,-1,-1,-1,-1,0,0,1.0,1.0
3,3,18.0,1,1,0,0,-1,-1,-1,-1,1.0,1.0
3,3,19.0,0,1,-1,-1,1,0,-1,-1,3.0,0.0
3,3,20.0,-1,-1,0,0,1,1,-1,-1,3.0,1.0
3,3,21.0,0,0,-1,-1,-1,-1,1,1,4.0,1.0
3,3,22.0,1,1,0,0,-1,-1,-1,-1,1.0,1.0
3,3,23.0,1,0,0,1,-1,-1,-1,-1,1.0,0.0
3,3,24.0,-1,-1,0,1,-1,-1,1,0,4.0,0.0
3,3,25.0,-1,-1,-1,-1,1,0,0,1,3.0,0.0
3,3,26.0,1,1,-1,-1,0,0,-1,-1,1.0,1.0
3,3,27.0,1,1,0,0,-1,-1,-1,-1,1.0,1.0
3,3,28.0,1,1,0,0,-1,-1,-1,-1,1.0,1.0
3,3,29.0,-1,-1,0,1,1,0,-1,-1,2.0,1.0
3,3,30.0,0,1,-1,-1,-1,-1,1,0,4.0,0.0
3,3,31.0,-1,-1,1,0,-1,-1,0,1,2.0,0.0
3,3,32.0,-1,-1,0,0,-1,-1,1,1,4.0,1.0
3,3,33.0,-1,-1,-1,-1,1,1,0,0,3.0,1.0
3,3,34.0,-1,-1,1,1,-1,-1,0,0,2.0,1.0
3,3,35.0,-1,-1,-1,-1,0,1,1,0,4.0,0.0
3,3,36.0,-1,-1,-1,-1,1,0,0,1,3.0,0.0
3,3,37.0,0,1,-1,-1,-1,-1,1,0,4.0,0.0
3,3,38.0,-1,-1,1,0,0,1,-1,-1,2.0,0.0
3,3,39.0,0,0,-1,-1,1,1,-1,-1,3.0,1.0
3,3,40.0,0,0,1,1,-1,-1,-1,-1,2.0,1.0
3,3,41.0,0,0,1,1,-1,-1,-1,-1,1.0,0.0
3,3,42.0,-1,-1,0,1,1,0,-1,-1,3.0,0.0
3,3,43.0,1,1,-1,-1,0,0,-1,-1,1.0,1.0
3,3,44.0,0,0,-1,-1,-1,-1,1,1,4.0,1.0
3,3,45.0,1,0,-1,-1,-1,-1,0,1,1.0,0.0
3,3,46.0,0,0,-1,-1,1,1,-1,-1,3.0,1.0
3,3,47.0,-1,-1,1,0,0,1,-1,-1,3.0,1.0
3,3,48.0,-1,-1,1,1,-1,-1,0,0,4.0,0.0
3,3,49.0,-1,-1,1,1,-1,-1,0,0,2.0,1.0
3,3,50.0,-1,-1,0,0,-1,-1,1,1,4.0,1.0
3,3,51.0,-1,-1,0,0,-1,-1,1,1,4.0,1.0
3,3,52.0,-1,-1,-1,-1,1,1,0,0,3.0,1.0
3,3,53.0,-1,-1,-1,-1,1,1,0,0,3.0,1.0
3,3,54.0,-1,-1,0,1,-1,-1,1,0,4.0,0.0
3,3,55.0,-1,-1,-1,-1,1,0,0,1,3.0,0.0
3,3,56.0,-1,-1,-1,-1,0,0,1,1,4.0,1.0
3,3,57.0,1,0,0,1,-1,-1,-1,-1,1.0,0.0
3,3,58.0,-1,-1,1,1,0,0,-1,-1,2.0,1.0
3,3,59.0,1,1,-1,-1,-1,-1,0,0,1.0,1.0
3,3,60.0,0,1,1,0,-1,-1,-1,-1,2.0,0.0
3,3,61.0,1,0,-1,-1,0,1,-1,-1,3.0,1.0
3,3,62.0,0,0,1,1,-1,-1,-1,-1,2.0,1.0
3,3,63.0,-1,-1,1,1,0,0,-1,-1,,
3,3,64.0,1,1,-1,-1,0,0,-1,-1,1.0,1.0
3,3,65.0,-1,-1,1,0,0,1,-1,-1,,
3,3,66.0,0,0,-1,-1,-1,-1,1,1,4.0,1.0
3,3,67.0,1,1,0,0,-1,-1,-1,-1,1.0,1.0
3,3,68.0,0,1,-1,-1,1,0,-1,-1,3.0,0.0
3,3,69.0,1,0,-1,-1,0,1,-1,-1,1.0,0.0
3,3,70.0,0,1,-1,-1,-1,-1,1,0,4.0,0.0
3,3,71.0,-1,-1,1,0,0,1,-1,-1,3.0,1.0
3,3,72.0,1,0,-1,-1,-1,-1,0,1,1.0,0.0
3,3,73.0,-1,-1,-1,-1,1,1,0,0,4.0,0.0
3,3,74.0,-1,-1,-1,-1,0,0,1,1,4.0,1.0
3,3,75.0,1,1,0,0,-1,-1,-1,-1,1.0,1.0
3,3,76.0,1,1,-1,-1,-1,-1,0,0,1.0,1.0
3,3,77.0,0,1,1,0,-1,-1,-1,-1,2.0,0.0
3,3,78.0,0,0,-1,-1,1,1,-1,-1,3.0,1.0
3,3,79.0,-1,-1,1,0,-1,-1,0,1,4.0,1.0
3,3,80.0,-1,-1,-1,-1,0,1,1,0,4.0,0.0
3,3,81.0,-1,-1,-1,-1,0,0,1,1,4.0,1.0
3,3,82.0,-1,-1,1,1,-1,-1,0,0,2.0,1.0
3,3,83.0,1,0,0,1,-1,-1,-1,-1,1.0,0.0
3,3,84.0,-1,-1,1,0,0,1,-1,-1,,
3,3,85.0,-1,-1,0,0,1,1,-1,-1,3.0,1.0
3,3,86.0,1,1,-1,-1,-1,-1,0,0,1.0,1.0
3,3,87.0,1,1,-1,-1,0,0,-1,-1,,
3,3,88.0,1,0,-1,-1,-1,-1,0,1,4.0,1.0
3,3,89.0,1,0,-1,-1,0,1,-1,-1,1.0,0.0
3,3,90.0,0,0,1,1,-1,-1,-1,-1,2.0,1.0
3,3,91.0,1,0,-1,-1,-1,-1,0,1,4.0,1.0
3,3,92.0,-1,-1,0,1,-1,-1,1,0,4.0,0.0
3,3,93.0,-1,-1,0,1,1,0,-1,-1,3.0,0.0
3,3,94.0,1,1,-1,-1,0,0,-1,-1,1.0,1.0
3,3,95.0,-1,-1,1,1,0,0,-1,-1,2.0,1.0
3,3,96.0,-1,-1,1,0,-1,-1,0,1,4.0,1.0
3,3,97.0,-1,-1,0,0,1,1,-1,-1,3.0,1.0
3,3,98.0,0,1,-1,-1,-1,-1,1,0,4.0,0.0
3,3,99.0,-1,-1,-1,-1,0,0,1,1,4.0,1.0
3,3,100.0,0,1,-1,-1,-1,-1,1,0,4.0,0.0
3,3,101.0,-1,-1,-1,-1,0,0,1,1,4.0,1.0
3,3,102.0,1,0,-1,-1,-1,-1,0,1,1.0,0.0
3,3,103.0,0,1,-1,-1,1,0,-1,-1,3.0,0.0
3,3,104.0,0,1,-1,-1,1,0,-1,-1,1.0,1.0
3,3,105.0,-1,-1,0,1,1,0,-1,-1,3.0,0.0
3,4,1.0,0,0,1,1,-1,-1,-1,-1,2.0,1.0
3,4,2.0,0,0,-1,-1,1,1,-1,-1,3.0,1.0
3,4,3.0,-1,-1,0,0,1,1,-1,-1,3.0,1.0
3,4,4.0,-1,-1,-1,-1,1,0,0,1,4.0,1.0
3,4,5.0,-1,-1,1,1,0,0,-1,-1,2.0,1.0
3,4,6.0,0,1,-1,-1,-1,-1,1,0,4.0,0.0
3,4,7.0,-1,-1,0,0,1,1,-1,-1,3.0,1.0
3,4,8.0,-1,-1,0,1,1,0,-1,-1,2.0,1.0
3,4,9.0,0,1,-1,-1,-1,-1,1,0,4.0,0.0
3,4,10.0,-1,-1,0,0,-1,-1,1,1,4.0,1.0
3,4,11.0,0,0,-1,-1,1,1,-1,-1,1.0,0.0
3,4,12.0,-1,-1,1,1,-1,-1,0,0,2.0,1.0
3,4,13.0,0,0,-1,-1,-1,-1,1,1,4.0,1.0
3,4,14.0,-1,-1,-1,-1,1,1,0,0,3.0,1.0
3,4,15.0,0,0,1,1,-1,-1,-1,-1,2.0,1.0
3,4,16.0,-1,-1,-1,-1,0,1,1,0,4.0,0.0
3,4,17.0,0,1,-1,-1,1,0,-1,-1,3.0,0.0
3,4,18.0,-1,-1,0,1,-1,-1,1,0,4.0,0.0
3,4,19.0,1,0,-1,-1,-1,-1,0,1,1.0,0.0
3,4,20.0,-1,-1,0,0,-1,-1,1,1,4.0,1.0
3,4,21.0,-1,-1,-1,-1,1,0,0,1,3.0,0.0
3,4,22.0,1,1,0,0,-1,-1,-1,-1,1.0,1.0
3,4,23.0,1,1,0,0,-1,-1,-1,-1,1.0,1.0
3,4,24.0,0,1,-1,-1,1,0,-1,-1,3.0,0.0
3,4,25.0,0,0,-1,-1,1,1,-1,-1,3.0,1.0
3,4,26.0,-1,-1,1,0,0,1,-1,-1,3.0,1.0
3,4,27.0,-1,-1,1,1,0,0,-1,-1,2.0,1.0
3,4,28.0,0,1,1,0,-1,-1,-1,-1,,
3,4,29.0,0,1,-1,-1,1,0,-1,-1,,
3,4,30.0,0,1,-1,-1,1,0,-1,-1,3.0,0.0
3,4,31.0,-1,-1,1,0,0,1,-1,-1,3.0,1.0
3,4,32.0,1,1,-1,-1,-1,-1,0,0,1.0,1.0
3,4,33.0,-1,-1,1,1,-1,-1,0,0,2.0,1.0
3,4,34.0,-1,-1,1,1,-1,-1,0,0,2.0,1.0
3,4,35.0,-1,-1,0,0,-1,-1,1,1,4.0,1.0
3,4,36.0,-1,-1,-1,-1,0,1,1,0,3.0,1.0
3,4,37.0,1,0,0,1,-1,-1,-1,-1,1.0,0.0
3,4,38.0,-1,-1,-1,-1,1,1,0,0,3.0,1.0
3,4,39.0,0,1,-1,-1,-1,-1,1,0,4.0,0.0
3,4,40.0,-1,-1,0,0,-1,-1,1,1,4.0,1.0
3,4,41.0,-1,-1,-1,-1,1,0,0,1,3.0,0.0
3,4,42.0,-1,-1,-1,-1,1,0,0,1,3.0,0.0
3,4,43.0,1,0,0,1,-1,-1,-1,-1,1.0,0.0
3,4,44.0,1,0,-1,-1,-1,-1,0,1,4.0,1.0
3,4,45.0,0,0,-1,-1,-1,-1,1,1,4.0,1.0
3,4,46.0,0,1,1,0,-1,-1,-1,-1,2.0,0.0
3,4,47.0,0,0,-1,-1,1,1,-1,-1,3.0,1.0
3,4,48.0,-1,-1,1,1,0,0,-1,-1,2.0,1.0
3,4,49.0,-1,-1,1,1,0,0,-1,-1,2.0,1.0
3,4,50.0,-1,-1,1,0,-1,-1,0,1,4.0,1.0
3,4,51.0,0,0,1,1,-1,-1,-1,-1,2.0,1.0
3,4,52.0,-1,-1,1,1,-1,-1,0,0,2.0,1.0
3,4,53.0,-1,-1,-1,-1,1,0,0,1,4.0,1.0
3,4,54.0,1,1,0,0,-1,-1,-1,-1,1.0,1.0
3,4,55.0,0,0,-1,-1,1,1,-1,-1,3.0,1.0
3,4,56.0,-1,-1,1,0,0,1,-1,-1,2.0,0.0
3,4,57.0,0,1,-1,-1,-1,-1,1,0,4.0,0.0
3,4,58.0,0,1,-1,-1,1,0,-1,-1,3.0,0.0
3,4,59.0,-1,-1,0,0,1,1,-1,-1,3.0,1.0
3,4,60.0,1,1,0,0,-1,-1,-1,-1,1.0,1.0
3,4,61.0,-1,-1,0,1,1,0,-1,-1,3.0,0.0
3,4,62.0,1,0,-1,-1,-1,-1,0,1,1.0,0.0
3,4,63.0,-1,-1,-1,-1,0,1,1,0,4.0,0.0
3,4,64.0,1,0,0,1,-1,-1,-1,-1,2.0,1.0
3,4,65.0,-1,-1,-1,-1,1,0,0,1,3.0,0.0
3,4,66.0,0,1,-1,-1,-1,-1,1,0,4.0,0.0
3,4,67.0,-1,-1,0,1,-1,-1,1,0,4.0,0.0
3,4,68.0,1,1,-1,-1,0,0,-1,-1,1.0,1.0
3,4,69.0,1,0,-1,-1,0,1,-1,-1,,
3,4,70.0,-1,-1,0,0,-1,-1,1,1,4.0,1.0
3,4,71.0,1,0,-1,-1,-1,-1,0,1,4.0,1.0
3,4,72.0,-1,-1,-1,-1,1,1,0,0,3.0,1.0
3,4,73.0,0,0,-1,-1,-1,-1,1,1,4.0,1.0
3,4,74.0,-1,-1,0,1,-1,-1,1,0,4.0,0.0
3,4,75.0,-1,-1,0,0,-1,-1,1,1,4.0,1.0
3,4,76.0,1,1,0,0,-1,-1,-1,-1,1.0,1.0
3,4,77.0,0,0,1,1,-1,-1,-1,-1,2.0,1.0
3,4,78.0,0,1,-1,-1,1,0,-1,-1,3.0,0.0
3,4,79.0,0,0,-1,-1,1,1,-1,-1,3.0,1.0
3,4,80.0,-1,-1,0,1,1,0,-1,-1,3.0,0.0
3,4,81.0,-1,-1,1,0,0,1,-1,-1,2.0,0.0
3,4,82.0,0,0,1,1,-1,-1,-1,-1,2.0,1.0
3,4,83.0,-1,-1,0,0,1,1,-1,-1,3.0,1.0
3,4,84.0,-1,-1,1,1,-1,-1,0,0,2.0,1.0
3,4,85.0,0,1,-1,-1,1,0,-1,-1,,
3,4,86.0,1,1,0,0,-1,-1,-1,-1,1.0,1.0
3,4,87.0,1,0,-1,-1,-1,-1,0,1,,
3,4,88.0,-1,-1,1,0,-1,-1,0,1,4.0,1.0
3,4,89.0,-1,-1,0,1,1,0,-1,-1,2.0,1.0
3,4,90.0,-1,-1,-1,-1,0,1,1,0,3.0,1.0
3,4,91.0,1,0,-1,-1,0,1,-1,-1,1.0,0.0
3,4,92.0,1,1,-1,-1,-1,-1,0,0,4.0,0.0
3,4,93.0,-1,-1,-1,-1,0,1,1,0,,
3,4,94.0,-1,-1,-1,-1,1,0,0,1,3.0,0.0
3,4,95.0,-1,-1,-1,-1,1,0,0,1,4.0,1.0
3,4,96.0,1,1,-1,-1,-1,-1,0,0,1.0,1.0
3,4,97.0,1,0,0,1,-1,-1,-1,-1,2.0,1.0
3,4,98.0,0,0,-1,-1,1,1,-1,-1,3.0,1.0
3,4,99.0,-1,-1,1,1,0,0,-1,-1,,
3,4,100.0,0,1,1,0,-1,-1,-1,-1,2.0,0.0
3,4,101.0,-1,-1,1,1,0,0,-1,-1,,
3,4,102.0,1,1,-1,-1,-1,-1,0,0,1.0,1.0
3,4,103.0,-1,-1,-1,-1,0,1,1,0,4.0,0.0
3,4,104.0,-1,-1,1,0,0,1,-1,-1,,
3,4,105.0,-1,-1,-1,-1,0,0,1,1,4.0,1.0
3,4,106.0,1,1,-1,-1,-1,-1,0,0,1.0,1.0
3,4,107.0,0,0,1,1,-1,-1,-1,-1,2.0,1.0
3,4,108.0,0,1,-1,-1,1,0,-1,-1,1.0,1.0
3,4,109.0,-1,-1,1,1,-1,-1,0,0,4.0,0.0
3,5,1.0,0,0,1,1,-1,-1,-1,-1,2.0,1.0
3,5,2.0,-1,-1,-1,-1,0,1,1,0,4.0,0.0
3,5,3.0,1,1,0,0,-1,-1,-1,-1,1.0,1.0
3,5,4.0,-1,-1,-1,-1,0,1,1,0,4.0,0.0
3,5,5.0,-1,-1,-1,-1,1,0,0,1,,
3,5,6.0,1,0,0,1,-1,-1,-1,-1,,
3,5,7.0,-1,-1,0,0,-1,-1,1,1,4.0,1.0
3,5,8.0,-1,-1,0,0,-1,-1,1,1,4.0,1.0
3,5,9.0,-1,-1,-1,-1,1,0,0,1,,
3,5,10.0,-1,-1,1,0,0,1,-1,-1,2.0,0.0
3,5,11.0,0,1,-1,-1,1,0,-1,-1,,
3,5,12.0,-1,-1,0,1,1,0,-1,-1,,
3,5,13.0,-1,-1,1,1,0,0,-1,-1,,
3,5,14.0,0,0,-1,-1,1,1,-1,-1,,
3,5,15.0,0,0,-1,-1,-1,-1,1,1,4.0,1.0
3,5,16.0,-1,-1,0,0,1,1,-1,-1,,
3,5,17.0,1,1,-1,-1,-1,-1,0,0,1.0,1.0
3,5,18.0,0,1,-1,-1,1,0,-1,-1,3.0,0.0
3,5,19.0,-1,-1,0,1,-1,-1,1,0,4.0,0.0
3,5,20.0,0,1,1,0,-1,-1,-1,-1,,
3,5,21.0,1,0,-1,-1,0,1,-1,-1,1.0,0.0
3,5,22.0,0,1,-1,-1,-1,-1,1,0,,
3,5,23.0,0,0,-1,-1,-1,-1,1,1,4.0,1.0
3,5,24.0,-1,-1,0,1,-1,-1,1,0,,
3,5,25.0,-1,-1,1,1,0,0,-1,-1,2.0,1.0
3,5,26.0,1,1,-1,-1,-1,-1,0,0,1.0,1.0
3,5,27.0,-1,-1,1,1,-1,-1,0,0,2.0,1.0
3,5,28.0,0,1,-1,-1,1,0,-1,-1,3.0,0.0
3,5,29.0,-1,-1,1,0,-1,-1,0,1,4.0,1.0
3,5,30.0,0,1,1,0,-1,-1,-1,-1,,
3,5,31.0,-1,-1,-1,-1,1,1,0,0,3.0,1.0
3,5,32.0,-1,-1,1,0,0,1,-1,-1,,
3,5,33.0,-1,-1,0,0,-1,-1,1,1,4.0,1.0
3,5,34.0,1,0,0,1,-1,-1,-1,-1,1.0,0.0
3,5,35.0,-1,-1,-1,-1,1,1,0,0,3.0,1.0
3,5,36.0,1,0,-1,-1,0,1,-1,-1,1.0,0.0
3,5,37.0,-1,-1,0,1,-1,-1,1,0,4.0,0.0
3,5,38.0,-1,-1,-1,-1,1,0,0,1,,
3,5,39.0,1,1,0,0,-1,-1,-1,-1,1.0,1.0
3,5,40.0,-1,-1,0,0,1,1,-1,-1,2.0,0.0
3,5,41.0,-1,-1,-1,-1,0,0,1,1,4.0,1.0
3,5,42.0,1,1,-1,-1,-1,-1,0,0,1.0,1.0
3,5,43.0,0,0,-1,-1,-1,-1,1,1,4.0,1.0
3,5,44.0,0,1,-1,-1,1,0,-1,-1,3.0,0.0
3,5,45.0,-1,-1,1,1,0,0,-1,-1,,
3,5,46.0,1,0,-1,-1,-1,-1,0,1,1.0,0.0
3,5,47.0,0,0,1,1,-1,-1,-1,-1,2.0,1.0
3,5,48.0,0,0,-1,-1,1,1,-1,-1,3.0,1.0
3,5,49.0,-1,-1,0,1,1,0,-1,-1,,
3,5,50.0,-1,-1,-1,-1,1,0,0,1,4.0,1.0
3,5,51.0,-1,-1,1,1,-1,-1,0,0,,
3,5,52.0,-1,-1,0,0,-1,-1,1,1,,
3,5,53.0,0,1,-1,-1,-1,-1,1,0,4.0,0.0
3,5,54.0,1,0,-1,-1,0,1,-1,-1,1.0,0.0
3,5,55.0,0,0,1,1,-1,-1,-1,-1,,
3,5,56.0,-1,-1,0,0,1,1,-1,-1,3.0,1.0
3,5,57.0,-1,-1,1,0,0,1,-1,-1,2.0,0.0
3,5,58.0,-1,-1,0,1,-1,-1,1,0,4.0,0.0
3,5,59.0,0,0,1,1,-1,-1,-1,-1,,
3,5,60.0,1,1,-1,-1,0,0,-1,-1,1.0,1.0
3,5,61.0,-1,-1,0,0,-1,-1,1,1,,
3,5,62.0,1,1,0,0,-1,-1,-1,-1,1.0,1.0
3,5,63.0,1,1,-1,-1,0,0,-1,-1,1.0,1.0
3,5,64.0,0,1,-1,-1,-1,-1,1,0,,
3,5,65.0,1,1,0,0,-1,-1,-1,-1,1.0,1.0
3,5,66.0,0,0,-1,-1,1,1,-1,-1,3.0,1.0
3,5,67.0,0,0,-1,-1,-1,-1,1,1,4.0,1.0
3,5,68.0,-1,-1,-1,-1,1,1,0,0,,
3,5,69.0,-1,-1,-1,-1,1,1,0,0,,
3,5,70.0,-1,-1,1,1,0,0,-1,-1,2.0,1.0
3,5,71.0,1,0,-1,-1,-1,-1,0,1,,
3,5,72.0,-1,-1,-1,-1,1,0,0,1,,
3,5,73.0,0,0,1,1,-1,-1,-1,-1,2.0,1.0
3,5,74.0,0,0,-1,-1,1,1,-1,-1,,
3,5,75.0,1,1,-1,-1,-1,-1,0,0,1.0,1.0
3,5,76.0,0,1,-1,-1,1,0,-1,-1,,
3,5,77.0,-1,-1,0,1,-1,-1,1,0,,
3,5,78.0,-1,-1,1,0,-1,-1,0,1,4.0,1.0
3,5,79.0,-1,-1,-1,-1,1,0,0,1,,
3,5,80.0,-1,-1,0,0,1,1,-1,-1,,
3,5,81.0,1,1,-1,-1,-1,-1,0,0,,
3,5,82.0,1,0,-1,-1,-1,-1,0,1,4.0,1.0
3,6,1.0,1,1,-1,-1,0,0,-1,-1,1.0,1.0
3,6,2.0,0,0,-1,-1,1,1,-1,-1,,
3,6,3.0,0,1,1,0,-1,-1,-1,-1,2.0,0.0
3,6,4.0,-1,-1,0,0,1,1,-1,-1,3.0,1.0
3,6,5.0,1,1,-1,-1,-1,-1,0,0,1.0,1.0
3,6,6.0,0,1,-1,-1,-1,-1,1,0,1.0,1.0
3,6,7.0,0,0,-1,-1,-1,-1,1,1,4.0,1.0
3,6,8.0,-1,-1,0,1,-1,-1,1,0,2.0,1.0
3,6,9.0,1,0,-1,-1,-1,-1,0,1,4.0,1.0
3,6,10.0,-1,-1,1,1,-1,-1,0,0,2.0,1.0
3,6,11.0,-1,-1,1,0,-1,-1,0,1,4.0,1.0
3,6,12.0,1,0,0,1,-1,-1,-1,-1,,
3,6,13.0,-1,-1,0,0,-1,-1,1,1,4.0,1.0
3,6,14.0,-1,-1,-1,-1,0,1,1,0,3.0,1.0
3,6,15.0,-1,-1,-1,-1,1,1,0,0,3.0,1.0
3,6,16.0,0,0,-1,-1,1,1,-1,-1,1.0,0.0
3,6,17.0,-1,-1,-1,-1,0,0,1,1,4.0,1.0
3,6,18.0,-1,-1,0,1,1,0,-1,-1,2.0,1.0
3,6,19.0,0,1,-1,-1,1,0,-1,-1,1.0,1.0
3,6,20.0,-1,-1,1,1,0,0,-1,-1,2.0,1.0
3,6,21.0,-1,-1,0,0,1,1,-1,-1,3.0,1.0
3,6,22.0,-1,-1,-1,-1,0,0,1,1,4.0,1.0
3,6,23.0,1,1,0,0,-1,-1,-1,-1,1.0,1.0
3,6,24.0,0,0,1,1,-1,-1,-1,-1,2.0,1.0
3,6,25.0,-1,-1,0,0,-1,-1,1,1,4.0,1.0
3,6,26.0,1,0,0,1,-1,-1,-1,-1,1.0,0.0
3,6,27.0,1,1,-1,-1,-1,-1,0,0,1.0,1.0
3,6,28.0,-1,-1,1,1,0,0,-1,-1,2.0,1.0
3,6,29.0,1,1,-1,-1,0,0,-1,-1,1.0,1.0
3,6,30.0,-1,-1,-1,-1,0,1,1,0,4.0,0.0
3,6,31.0,0,0,-1,-1,-1,-1,1,1,4.0,1.0
3,6,32.0,-1,-1,-1,-1,0,0,1,1,4.0,1.0
3,6,33.0,-1,-1,-1,-1,0,0,1,1,4.0,1.0
3,6,34.0,1,1,-1,-1,0,0,-1,-1,1.0,1.0
3,6,35.0,0,1,-1,-1,-1,-1,1,0,4.0,0.0
3,6,36.0,-1,-1,1,1,-1,-1,0,0,2.0,1.0
3,6,37.0,0,0,-1,-1,-1,-1,1,1,4.0,1.0
3,6,38.0,-1,-1,0,1,1,0,-1,-1,2.0,1.0
3,6,39.0,0,0,-1,-1,1,1,-1,-1,,
3,6,40.0,-1,-1,0,1,-1,-1,1,0,4.0,0.0
3,6,41.0,-1,-1,-1,-1,1,1,0,0,3.0,1.0
3,6,42.0,0,0,1,1,-1,-1,-1,-1,2.0,1.0
3,6,43.0,0,1,1,0,-1,-1,-1,-1,2.0,0.0
3,6,44.0,0,1,1,0,-1,-1,-1,-1,1.0,1.0
3,6,45.0,1,0,-1,-1,0,1,-1,-1,1.0,0.0
3,6,46.0,-1,-1,0,0,1,1,-1,-1,3.0,1.0
3,6,47.0,-1,-1,1,0,0,1,-1,-1,2.0,0.0
3,6,48.0,-1,-1,0,0,-1,-1,1,1,4.0,1.0
3,6,49.0,-1,-1,-1,-1,1,1,0,0,3.0,1.0
3,6,50.0,1,1,0,0,-1,-1,-1,-1,1.0,1.0
3,6,51.0,0,0,-1,-1,-1,-1,1,1,4.0,1.0
3,6,52.0,-1,-1,0,0,1,1,-1,-1,3.0,1.0
3,6,53.0,1,0,-1,-1,0,1,-1,-1,1.0,0.0
3,6,54.0,1,1,-1,-1,-1,-1,0,0,1.0,1.0
3,6,55.0,-1,-1,-1,-1,1,1,0,0,3.0,1.0
3,6,56.0,-1,-1,-1,-1,1,0,0,1,4.0,1.0
3,6,57.0,-1,-1,-1,-1,1,0,0,1,4.0,1.0
3,6,58.0,0,0,-1,-1,-1,-1,1,1,4.0,1.0
3,6,59.0,1,1,-1,-1,0,0,-1,-1,1.0,1.0
3,6,60.0,-1,-1,0,0,-1,-1,1,1,4.0,1.0
3,6,61.0,-1,-1,0,0,1,1,-1,-1,3.0,1.0
3,6,62.0,1,0,0,1,-1,-1,-1,-1,1.0,0.0
3,6,63.0,1,1,0,0,-1,-1,-1,-1,2.0,0.0
3,6,64.0,1,0,-1,-1,0,1,-1,-1,1.0,0.0
3,6,65.0,1,1,-1,-1,-1,-1,0,0,1.0,1.0
3,6,66.0,1,0,0,1,-1,-1,-1,-1,1.0,0.0
3,6,67.0,-1,-1,0,0,-1,-1,1,1,4.0,1.0
3,6,68.0,-1,-1,1,1,0,0,-1,-1,2.0,1.0
3,6,69.0,1,1,-1,-1,0,0,-1,-1,1.0,1.0
3,6,70.0,-1,-1,0,1,1,0,-1,-1,3.0,0.0
3,6,71.0,-1,-1,1,1,-1,-1,0,0,4.0,0.0
3,6,72.0,-1,-1,1,1,-1,-1,0,0,2.0,1.0
3,6,73.0,-1,-1,0,0,1,1,-1,-1,3.0,1.0
3,6,74.0,-1,-1,1,1,0,0,-1,-1,2.0,1.0
3,6,75.0,1,0,0,1,-1,-1,-1,-1,2.0,1.0
3,6,76.0,1,1,-1,-1,0,0,-1,-1,1.0,1.0
3,6,77.0,-1,-1,0,1,-1,-1,1,0,2.0,1.0
3,6,78.0,1,1,0,0,-1,-1,-1,-1,1.0,1.0
3,6,79.0,1,0,0,1,-1,-1,-1,-1,1.0,0.0
3,6,80.0,-1,-1,0,0,-1,-1,1,1,2.0,0.0
3,6,81.0,-1,-1,-1,-1,0,1,1,0,4.0,0.0
3,6,82.0,-1,-1,-1,-1,1,0,0,1,3.0,0.0
3,6,83.0,1,1,0,0,-1,-1,-1,-1,1.0,1.0
3,6,84.0,1,0,-1,-1,-1,-1,0,1,4.0,1.0
3,6,85.0,-1,-1,-1,-1,0,0,1,1,4.0,1.0
3,6,86.0,-1,-1,1,0,0,1,-1,-1,2.0,0.0
3,6,87.0,-1,-1,0,0,-1,-1,1,1,4.0,1.0
3,6,88.0,-1,-1,1,1,0,0,-1,-1,2.0,1.0
3,6,89.0,1,1,-1,-1,-1,-1,0,0,1.0,1.0
3,6,90.0,-1,-1,1,1,-1,-1,0,0,2.0,1.0
3,6,91.0,1,1,-1,-1,-1,-1,0,0,4.0,0.0
3,6,92.0,-1,-1,-1,-1,1,1,0,0,4.0,0.0
3,6,93.0,0,1,-1,-1,1,0,-1,-1,3.0,0.0
3,6,94.0,0,0,-1,-1,1,1,-1,-1,3.0,1.0
3,6,95.0,0,0,-1,-1,1,1,-1,-1,3.0,1.0
3,6,96.0,1,0,-1,-1,-1,-1,0,1,4.0,1.0
3,6,97.0,0,1,-1,-1,-1,-1,1,0,1.0,1.0
3,6,98.0,-1,-1,-1,-1,1,1,0,0,,
3,6,99.0,-1,-1,1,1,-1,-1,0,0,2.0,1.0
3,6,100.0,-1,-1,1,0,-1,-1,0,1,4.0,1.0
3,6,101.0,0,1,-1,-1,-1,-1,1,0,4.0,0.0
3,6,102.0,0,0,-1,-1,1,1,-1,-1,3.0,1.0
3,6,103.0,-1,-1,0,1,1,0,-1,-1,3.0,0.0
3,6,104.0,-1,-1,-1,-1,0,1,1,0,4.0,0.0
3,7,1.0,1,1,0,0,-1,-1,-1,-1,1.0,1.0
3,7,2.0,-1,-1,-1,-1,1,0,0,1,4.0,1.0
3,7,3.0,-1,-1,-1,-1,0,0,1,1,4.0,1.0
3,7,4.0,-1,-1,1,1,-1,-1,0,0,2.0,1.0
3,7,5.0,-1,-1,1,0,-1,-1,0,1,2.0,0.0
3,7,6.0,0,1,-1,-1,-1,-1,1,0,4.0,0.0
3,7,7.0,0,0,-1,-1,1,1,-1,-1,3.0,1.0
3,7,8.0,1,0,0,1,-1,-1,-1,-1,1.0,0.0
3,7,9.0,0,1,-1,-1,1,0,-1,-1,3.0,0.0
3,7,10.0,-1,-1,-1,-1,1,1,0,0,3.0,1.0
3,7,11.0,1,0,-1,-1,0,1,-1,-1,1.0,0.0
3,7,12.0,-1,-1,1,1,0,0,-1,-1,2.0,1.0
3,7,13.0,-1,-1,0,0,1,1,-1,-1,3.0,1.0
3,7,14.0,-1,-1,0,1,1,0,-1,-1,,
3,7,15.0,0,0,1,1,-1,-1,-1,-1,2.0,1.0
3,7,16.0,0,0,-1,-1,-1,-1,1,1,4.0,1.0
3,7,17.0,-1,-1,1,1,-1,-1,0,0,2.0,1.0
3,7,18.0,1,1,-1,-1,0,0,-1,-1,1.0,1.0
3,7,19.0,-1,-1,1,0,-1,-1,0,1,4.0,1.0
3,7,20.0,-1,-1,-1,-1,1,1,0,0,3.0,1.0
3,7,21.0,0,1,1,0,-1,-1,-1,-1,2.0,0.0
3,7,22.0,-1,-1,1,0,0,1,-1,-1,2.0,0.0
3,7,23.0,1,1,-1,-1,-1,-1,0,0,4.0,0.0
3,7,24.0,0,0,-1,-1,-1,-1,1,1,4.0,1.0
3,7,25.0,-1,-1,0,0,1,1,-1,-1,3.0,1.0
3,7,26.0,-1,-1,0,0,1,1,-1,-1,3.0,1.0
3,7,27.0,1,0,0,1,-1,-1,-1,-1,1.0,0.0
3,7,28.0,0,1,-1,-1,-1,-1,1,0,4.0,0.0
3,7,29.0,1,0,-1,-1,-1,-1,0,1,4.0,1.0
3,7,30.0,1,0,-1,-1,0,1,-1,-1,3.0,1.0
3,7,31.0,0,0,-1,-1,1,1,-1,-1,3.0,1.0
3,7,32.0,1,0,-1,-1,-1,-1,0,1,1.0,0.0
3,7,33.0,1,1,-1,-1,0,0,-1,-1,1.0,1.0
3,7,34.0,-1,-1,0,1,-1,-1,1,0,2.0,1.0
3,7,35.0,1,1,-1,-1,-1,-1,0,0,4.0,0.0
3,7,36.0,0,0,1,1,-1,-1,-1,-1,2.0,1.0
3,7,37.0,-1,-1,1,0,-1,-1,0,1,4.0,1.0
3,7,38.0,-1,-1,0,1,-1,-1,1,0,2.0,1.0
3,7,39.0,0,1,1,0,-1,-1,-1,-1,2.0,0.0
3,7,40.0,-1,-1,1,0,-1,-1,0,1,4.0,1.0
3,7,41.0,-1,-1,-1,-1,0,1,1,0,4.0,0.0
3,7,42.0,-1,-1,1,1,0,0,-1,-1,2.0,1.0
3,7,43.0,-1,-1,-1,-1,1,1,0,0,4.0,0.0
3,7,44.0,-1,-1,-1,-1,0,0,1,1,4.0,1.0
3,7,45.0,-1,-1,-1,-1,0,0,1,1,4.0,1.0
3,7,46.0,0,1,-1,-1,1,0,-1,-1,3.0,0.0
3,7,47.0,1,1,0,0,-1,-1,-1,-1,1.0,1.0
3,7,48.0,-1,-1,0,1,1,0,-1,-1,3.0,0.0
3,7,49.0,1,0,0,1,-1,-1,-1,-1,1.0,0.0
3,7,50.0,-1,-1,1,1,-1,-1,0,0,2.0,1.0
3,7,51.0,-1,-1,1,0,-1,-1,0,1,4.0,1.0
3,7,52.0,-1,-1,-1,-1,0,0,1,1,4.0,1.0
3,7,53.0,0,0,-1,-1,1,1,-1,-1,3.0,1.0
3,7,54.0,-1,-1,1,0,-1,-1,0,1,4.0,1.0
3,7,55.0,-1,-1,-1,-1,1,1,0,0,3.0,1.0
3,7,56.0,-1,-1,-1,-1,0,1,1,0,4.0,0.0
3,7,57.0,-1,-1,-1,-1,1,0,0,1,4.0,1.0
3,7,58.0,0,1,1,0,-1,-1,-1,-1,2.0,0.0
3,7,59.0,0,0,-1,-1,1,1,-1,-1,,
3,7,60.0,-1,-1,1,1,0,0,-1,-1,2.0,1.0
3,7,61.0,-1,-1,1,0,0,1,-1,-1,,
3,7,62.0,1,1,-1,-1,0,0,-1,-1,1.0,1.0
3,7,63.0,1,1,-1,-1,0,0,-1,-1,1.0,1.0
3,7,64.0,1,0,-1,-1,-1,-1,0,1,4.0,1.0
3,7,65.0,1,0,0,1,-1,-1,-1,-1,1.0,0.0
3,7,66.0,1,1,-1,-1,-1,-1,0,0,4.0,0.0
3,7,67.0,-1,-1,0,1,1,0,-1,-1,2.0,1.0
3,7,68.0,-1,-1,1,0,0,1,-1,-1,2.0,0.0
3,7,69.0,1,1,-1,-1,-1,-1,0,0,4.0,0.0
3,7,70.0,0,0,-1,-1,-1,-1,1,1,4.0,1.0
3,7,71.0,1,1,0,0,-1,-1,-1,-1,1.0,1.0
3,7,72.0,-1,-1,1,1,-1,-1,0,0,2.0,1.0
3,7,73.0,1,1,-1,-1,-1,-1,0,0,1.0,1.0
3,7,74.0,1,1,0,0,-1,-1,-1,-1,1.0,1.0
3,7,75.0,1,0,-1,-1,-1,-1,0,1,4.0,1.0
3,7,76.0,0,0,-1,-1,-1,-1,1,1,4.0,1.0
3,7,77.0,-1,-1,1,1,0,0,-1,-1,2.0,1.0
3,7,78.0,-1,-1,0,1,1,0,-1,-1,2.0,1.0
3,7,79.0,-1,-1,0,0,1,1,-1,-1,3.0,1.0
3,7,80.0,-1,-1,0,0,-1,-1,1,1,4.0,1.0
3,7,81.0,-1,-1,-1,-1,0,1,1,0,4.0,0.0
3,7,82.0,-1,-1,0,1,-1,-1,1,0,4.0,0.0
3,7,83.0,-1,-1,1,1,-1,-1,0,0,2.0,1.0
3,7,84.0,-1,-1,0,0,-1,-1,1,1,4.0,1.0
3,7,85.0,-1,-1,-1,-1,1,1,0,0,3.0,1.0
3,7,86.0,1,0,0,1,-1,-1,-1,-1,1.0,0.0
3,7,87.0,-1,-1,-1,-1,1,0,0,1,4.0,1.0
3,7,88.0,0,1,-1,-1,-1,-1,1,0,4.0,0.0
3,7,89.0,-1,-1,-1,-1,1,0,0,1,,
3,7,90.0,0,0,-1,-1,1,1,-1,-1,,
3,7,91.0,1,1,0,0,-1,-1,-1,-1,1.0,1.0
3,7,92.0,0,0,1,1,-1,-1,-1,-1,2.0,1.0
3,7,93.0,0,1,-1,-1,1,0,-1,-1,3.0,0.0
3,7,94.0,1,1,-1,-1,0,0,-1,-1,1.0,1.0
3,7,95.0,0,0,-1,-1,1,1,-1,-1,3.0,1.0
3,7,96.0,-1,-1,1,0,0,1,-1,-1,2.0,0.0
3,7,97.0,-1,-1,-1,-1,0,1,1,0,4.0,0.0
3,7,98.0,-1,-1,-1,-1,0,1,1,0,4.0,0.0
3,7,99.0,-1,-1,-1,-1,0,0,1,1,4.0,1.0
3,7,100.0,-1,-1,-1,-1,1,0,0,1,4.0,1.0
3,7,101.0,1,0,-1,-1,-1,-1,0,1,1.0,0.0
3,7,102.0,0,0,-1,-1,1,1,-1,-1,,
3,7,103.0,-1,-1,0,0,1,1,-1,-1,2.0,0.0
3,7,104.0,1,1,-1,-1,0,0,-1,-1,1.0,1.0
3,7,105.0,0,0,1,1,-1,-1,-1,-1,2.0,1.0
3,7,106.0,-1,-1,1,1,0,0,-1,-1,2.0,1.0
3,8,1.0,1,1,-1,-1,-1,-1,0,0,1.0,1.0
3,8,2.0,-1,-1,1,0,0,1,-1,-1,3.0,1.0
3,8,3.0,-1,-1,0,1,-1,-1,1,0,2.0,1.0
3,8,4.0,0,0,1,1,-1,-1,-1,-1,2.0,1.0
3,8,5.0,-1,-1,-1,-1,1,0,0,1,4.0,1.0
3,8,6.0,1,0,-1,-1,0,1,-1,-1,1.0,0.0
3,8,7.0,1,0,-1,-1,0,1,-1,-1,3.0,1.0
3,8,8.0,0,0,1,1,-1,-1,-1,-1,2.0,1.0
3,8,9.0,0,1,-1,-1,1,0,-1,-1,3.0,0.0
3,8,10.0,1,1,0,0,-1,-1,-1,-1,1.0,1.0
3,8,11.0,-1,-1,0,0,1,1,-1,-1,3.0,1.0
3,8,12.0,-1,-1,1,1,0,0,-1,-1,2.0,1.0
3,8,13.0,1,0,-1,-1,-1,-1,0,1,4.0,1.0
3,8,14.0,-1,-1,0,0,-1,-1,1,1,4.0,1.0
3,8,15.0,-1,-1,-1,-1,0,0,1,1,4.0,1.0
3,8,16.0,0,0,-1,-1,-1,-1,1,1,4.0,1.0
3,8,17.0,-1,-1,-1,-1,1,1,0,0,3.0,1.0
3,8,18.0,1,1,0,0,-1,-1,-1,-1,1.0,1.0
3,8,19.0,1,1,-1,-1,0,0,-1,-1,1.0,1.0
3,8,20.0,-1,-1,0,1,1,0,-1,-1,2.0,1.0
3,8,21.0,0,1,-1,-1,-1,-1,1,0,4.0,0.0
3,8,22.0,-1,-1,1,1,-1,-1,0,0,2.0,1.0
3,8,23.0,-1,-1,1,0,-1,-1,0,1,4.0,1.0
3,8,24.0,-1,-1,-1,-1,0,1,1,0,4.0,0.0
3,8,25.0,-1,-1,1,1,0,0,-1,-1,2.0,1.0
3,8,26.0,-1,-1,0,0,-1,-1,1,1,4.0,1.0
3,8,27.0,-1,-1,-1,-1,1,0,0,1,4.0,1.0
3,8,28.0,-1,-1,1,0,-1,-1,0,1,4.0,1.0
3,8,29.0,0,0,1,1,-1,-1,-1,-1,2.0,1.0
3,8,30.0,0,1,-1,-1,-1,-1,1,0,4.0,0.0
3,8,31.0,1,0,-1,-1,-1,-1,0,1,4.0,1.0
3,8,32.0,-1,-1,1,1,0,0,-1,-1,3.0,0.0
3,8,33.0,0,0,1,1,-1,-1,-1,-1,2.0,1.0
3,8,34.0,1,0,-1,-1,0,1,-1,-1,3.0,1.0
3,8,35.0,0,1,-1,-1,1,0,-1,-1,3.0,0.0
3,8,36.0,0,1,-1,-1,-1,-1,1,0,1.0,1.0
3,8,37.0,0,0,-1,-1,1,1,-1,-1,3.0,1.0
3,8,38.0,0,1,1,0,-1,-1,-1,-1,1.0,1.0
3,8,39.0,0,0,-1,-1,-1,-1,1,1,4.0,1.0
3,8,40.0,-1,-1,1,1,-1,-1,0,0,2.0,1.0
3,8,41.0,-1,-1,-1,-1,0,1,1,0,4.0,0.0
3,8,42.0,0,1,1,0,-1,-1,-1,-1,1.0,1.0
3,8,43.0,0,1,-1,-1,1,0,-1,-1,3.0,0.0
3,8,44.0,-1,-1,1,0,0,1,-1,-1,3.0,1.0
3,8,45.0,-1,-1,-1,-1,0,1,1,0,4.0,0.0
3,8,46.0,-1,-1,0,0,1,1,-1,-1,3.0,1.0
3,8,47.0,-1,-1,-1,-1,0,0,1,1,4.0,1.0
3,8,48.0,-1,-1,0,1,-1,-1,1,0,4.0,0.0
3,8,49.0,-1,-1,0,0,-1,-1,1,1,2.0,0.0
3,8,50.0,-1,-1,0,0,-1,-1,1,1,4.0,1.0
3,8,51.0,0,1,-1,-1,-1,-1,1,0,4.0,0.0
3,8,52.0,-1,-1,0,0,1,1,-1,-1,3.0,1.0
3,8,53.0,-1,-1,-1,-1,1,0,0,1,4.0,1.0
3,8,54.0,1,1,0,0,-1,-1,-1,-1,1.0,1.0
3,8,55.0,-1,-1,0,0,1,1,-1,-1,3.0,1.0
3,8,56.0,-1,-1,-1,-1,1,1,0,0,4.0,0.0
3,8,57.0,-1,-1,-1,-1,0,0,1,1,4.0,1.0
3,8,58.0,-1,-1,0,1,1,0,-1,-1,2.0,1.0
3,8,59.0,-1,-1,-1,-1,1,1,0,0,4.0,0.0
3,8,60.0,1,1,-1,-1,0,0,-1,-1,1.0,1.0
3,8,61.0,0,0,1,1,-1,-1,-1,-1,2.0,1.0
3,8,62.0,0,1,1,0,-1,-1,-1,-1,2.0,0.0
3,8,63.0,0,0,-1,-1,-1,-1,1,1,4.0,1.0
3,8,64.0,0,1,-1,-1,1,0,-1,-1,3.0,0.0
3,8,65.0,-1,-1,0,1,1,0,-1,-1,2.0,1.0
3,8,66.0,-1,-1,1,1,-1,-1,0,0,4.0,0.0
3,8,67.0,1,0,0,1,-1,-1,-1,-1,1.0,0.0
3,8,68.0,1,1,-1,-1,-1,-1,0,0,4.0,0.0
3,8,69.0,0,0,-1,-1,1,1,-1,-1,3.0,1.0
3,8,70.0,1,0,-1,-1,-1,-1,0,1,4.0,1.0
3,8,71.0,1,0,-1,-1,0,1,-1,-1,3.0,1.0
3,8,72.0,-1,-1,0,1,-1,-1,1,0,2.0,1.0
3,8,73.0,-1,-1,1,1,-1,-1,0,0,4.0,0.0
3,8,74.0,-1,-1,1,1,-1,-1,0,0,4.0,0.0
3,8,75.0,1,1,-1,-1,-1,-1,0,0,1.0,1.0
3,8,76.0,-1,-1,0,0,-1,-1,1,1,2.0,0.0
3,8,77.0,1,1,-1,-1,-1,-1,0,0,4.0,0.0
3,8,78.0,-1,-1,-1,-1,1,1,0,0,4.0,0.0
3,8,79.0,-1,-1,1,1,0,0,-1,-1,2.0,1.0
3,8,80.0,0,1,-1,-1,1,0,-1,-1,3.0,0.0
3,8,81.0,0,1,-1,-1,1,0,-1,-1,1.0,1.0
3,8,82.0,0,0,-1,-1,1,1,-1,-1,3.0,1.0
3,8,83.0,-1,-1,-1,-1,1,1,0,0,4.0,0.0
3,8,84.0,-1,-1,1,0,0,1,-1,-1,2.0,0.0
3,8,85.0,-1,-1,-1,-1,1,0,0,1,4.0,1.0
3,8,86.0,-1,-1,-1,-1,0,0,1,1,4.0,1.0
3,8,87.0,-1,-1,1,0,0,1,-1,-1,2.0,0.0
3,8,88.0,1,1,0,0,-1,-1,-1,-1,1.0,1.0
3,8,89.0,1,0,-1,-1,-1,-1,0,1,4.0,1.0
3,8,90.0,1,0,-1,-1,0,1,-1,-1,1.0,0.0
3,8,91.0,-1,-1,1,0,-1,-1,0,1,2.0,0.0
3,8,92.0,-1,-1,1,1,0,0,-1,-1,2.0,1.0
3,8,93.0,0,1,1,0,-1,-1,-1,-1,2.0,0.0
3,8,94.0,0,0,1,1,-1,-1,-1,-1,2.0,1.0
3,8,95.0,0,0,1,1,-1,-1,-1,-1,1.0,0.0
3,8,96.0,1,0,-1,-1,-1,-1,0,1,1.0,0.0
3,8,97.0,-1,-1,-1,-1,0,1,1,0,3.0,1.0
3,8,98.0,1,1,-1,-1,-1,-1,0,0,1.0,1.0
3,8,99.0,1,1,-1,-1,-1,-1,0,0,1.0,1.0
3,8,100.0,-1,-1,0,0,1,1,-1,-1,3.0,1.0
3,9,1.0,-1,-1,1,1,0,0,-1,-1,2.0,1.0
3,9,2.0,-1,-1,0,0,-1,-1,1,1,4.0,1.0
3,9,3.0,-1,-1,0,1,-1,-1,1,0,2.0,1.0
3,9,4.0,-1,-1,0,0,-1,-1,1,1,4.0,1.0
3,9,5.0,-1,-1,1,0,0,1,-1,-1,3.0,1.0
3,9,6.0,0,1,-1,-1,-1,-1,1,0,4.0,0.0
3,9,7.0,-1,-1,-1,-1,0,1,1,0,3.0,1.0
3,9,8.0,0,0,-1,-1,-1,-1,1,1,4.0,1.0
3,9,9.0,-1,-1,-1,-1,0,1,1,0,3.0,1.0
3,9,10.0,-1,-1,-1,-1,1,0,0,1,3.0,0.0
3,9,11.0,-1,-1,1,1,-1,-1,0,0,2.0,1.0
3,9,12.0,-1,-1,-1,-1,0,0,1,1,4.0,1.0
3,9,13.0,-1,-1,1,0,0,1,-1,-1,2.0,0.0
3,9,14.0,-1,-1,0,1,1,0,-1,-1,3.0,0.0
3,9,15.0,0,1,-1,-1,1,0,-1,-1,3.0,0.0
3,9,16.0,1,1,-1,-1,0,0,-1,-1,1.0,1.0
3,9,17.0,1,0,0,1,-1,-1,-1,-1,2.0,1.0
3,9,18.0,1,1,-1,-1,-1,-1,0,0,1.0,1.0
3,9,19.0,0,1,1,0,-1,-1,-1,-1,2.0,0.0
3,9,20.0,1,0,-1,-1,0,1,-1,-1,1.0,0.0
3,9,21.0,0,0,-1,-1,-1,-1,1,1,4.0,1.0
3,9,22.0,0,0,1,1,-1,-1,-1,-1,2.0,1.0
3,9,23.0,0,1,1,0,-1,-1,-1,-1,2.0,0.0
3,9,24.0,1,0,-1,-1,0,1,-1,-1,3.0,1.0
3,9,25.0,-1,-1,1,1,-1,-1,0,0,2.0,1.0
3,9,26.0,0,1,-1,-1,1,0,-1,-1,3.0,0.0
3,9,27.0,-1,-1,1,0,0,1,-1,-1,2.0,0.0
3,9,28.0,0,0,-1,-1,1,1,-1,-1,1.0,0.0
3,9,29.0,0,1,-1,-1,-1,-1,1,0,1.0,1.0
3,9,30.0,0,0,-1,-1,-1,-1,1,1,4.0,1.0
3,9,31.0,-1,-1,-1,-1,0,1,1,0,4.0,0.0
3,9,32.0,-1,-1,0,0,1,1,-1,-1,2.0,0.0
3,9,33.0,0,1,-1,-1,-1,-1,1,0,4.0,0.0
3,9,34.0,1,1,0,0,-1,-1,-1,-1,1.0,1.0
3,9,35.0,-1,-1,0,1,1,0,-1,-1,2.0,1.0
3,9,36.0,-1,-1,-1,-1,1,0,0,1,4.0,1.0
3,9,37.0,0,0,-1,-1,1,1,-1,-1,3.0,1.0
3,9,38.0,1,0,-1,-1,-1,-1,0,1,4.0,1.0
3,9,39.0,-1,-1,1,1,-1,-1,0,0,4.0,0.0
3,9,40.0,-1,-1,1,1,0,0,-1,-1,2.0,1.0
3,9,41.0,-1,-1,1,0,-1,-1,0,1,4.0,1.0
3,9,42.0,-1,-1,-1,-1,0,1,1,0,4.0,0.0
3,9,43.0,1,1,0,0,-1,-1,-1,-1,1.0,1.0
3,9,44.0,0,0,1,1,-1,-1,-1,-1,2.0,1.0
3,9,45.0,-1,-1,0,0,-1,-1,1,1,4.0,1.0
3,9,46.0,0,1,-1,-1,1,0,-1,-1,3.0,0.0
3,9,47.0,1,0,0,1,-1,-1,-1,-1,1.0,0.0
3,9,48.0,-1,-1,-1,-1,0,0,1,1,4.0,1.0
3,9,49.0,-1,-1,1,0,-1,-1,0,1,4.0,1.0
3,9,50.0,-1,-1,0,0,-1,-1,1,1,4.0,1.0
3,9,51.0,-1,-1,-1,-1,0,1,1,0,3.0,1.0
3,9,52.0,0,0,-1,-1,-1,-1,1,1,4.0,1.0
3,9,53.0,-1,-1,1,0,0,1,-1,-1,2.0,0.0
3,9,54.0,-1,-1,-1,-1,0,0,1,1,4.0,1.0
3,9,55.0,-1,-1,0,1,-1,-1,1,0,4.0,0.0
3,9,56.0,-1,-1,0,0,1,1,-1,-1,3.0,1.0
3,9,57.0,-1,-1,-1,-1,0,0,1,1,4.0,1.0
3,9,58.0,0,1,-1,-1,-1,-1,1,0,4.0,0.0
3,9,59.0,-1,-1,-1,-1,1,1,0,0,3.0,1.0
3,9,60.0,0,0,-1,-1,-1,-1,1,1,1.0,0.0
3,9,61.0,0,1,-1,-1,1,0,-1,-1,3.0,0.0
3,9,62.0,0,0,1,1,-1,-1,-1,-1,2.0,1.0
3,9,63.0,1,1,0,0,-1,-1,-1,-1,1.0,1.0
3,9,64.0,0,0,1,1,-1,-1,-1,-1,2.0,1.0
3,9,65.0,0,0,-1,-1,1,1,-1,-1,3.0,1.0
3,9,66.0,0,1,1,0,-1,-1,-1,-1,1.0,1.0
3,9,67.0,-1,-1,0,1,1,0,-1,-1,2.0,1.0
3,9,68.0,-1,-1,0,1,1,0,-1,-1,3.0,0.0
3,9,69.0,1,1,-1,-1,0,0,-1,-1,1.0,1.0
3,9,70.0,0,0,-1,-1,1,1,-1,-1,3.0,1.0
3,9,71.0,0,1,-1,-1,-1,-1,1,0,4.0,0.0
3,9,72.0,-1,-1,1,1,-1,-1,0,0,2.0,1.0
3,9,73.0,-1,-1,1,0,0,1,-1,-1,3.0,1.0
3,9,74.0,1,0,-1,-1,-1,-1,0,1,4.0,1.0
3,9,75.0,-1,-1,1,0,-1,-1,0,1,4.0,1.0
3,9,76.0,-1,-1,0,0,1,1,-1,-1,2.0,0.0
3,9,77.0,1,0,0,1,-1,-1,-1,-1,1.0,0.0
3,9,78.0,1,1,-1,-1,-1,-1,0,0,1.0,1.0
3,9,79.0,0,0,-1,-1,-1,-1,1,1,4.0,1.0
3,9,80.0,0,1,1,0,-1,-1,-1,-1,2.0,0.0
3,9,81.0,0,1,-1,-1,1,0,-1,-1,1.0,1.0
3,9,82.0,-1,-1,0,1,-1,-1,1,0,2.0,1.0
3,9,83.0,-1,-1,0,1,1,0,-1,-1,2.0,1.0
3,9,84.0,-1,-1,1,0,-1,-1,0,1,4.0,1.0
3,9,85.0,-1,-1,-1,-1,1,1,0,0,4.0,0.0
3,9,86.0,1,1,-1,-1,-1,-1,0,0,1.0,1.0
3,9,87.0,-1,-1,0,1,-1,-1,1,0,4.0,0.0
3,9,88.0,-1,-1,-1,-1,1,1,0,0,3.0,1.0
3,9,89.0,-1,-1,-1,-1,1,0,0,1,4.0,1.0
3,9,90.0,-1,-1,-1,-1,1,0,0,1,4.0,1.0
3,9,91.0,1,1,0,0,-1,-1,-1,-1,1.0,1.0
3,9,92.0,1,1,-1,-1,0,0,-1,-1,3.0,0.0
3,9,93.0,0,0,-1,-1,1,1,-1,-1,1.0,0.0
3,9,94.0,1,0,0,1,-1,-1,-1,-1,1.0,0.0
3,9,95.0,0,0,-1,-1,1,1,-1,-1,3.0,1.0
3,9,96.0,-1,-1,0,1,1,0,-1,-1,2.0,1.0
3,9,97.0,-1,-1,1,0,0,1,-1,-1,2.0,0.0
3,9,98.0,-1,-1,1,0,0,1,-1,-1,2.0,0.0
3,9,99.0,1,0,-1,-1,-1,-1,0,1,,
3,9,100.0,1,0,-1,-1,0,1,-1,-1,3.0,1.0
3,9,101.0,1,0,-1,-1,0,1,-1,-1,1.0,0.0
3,10,1.0,0,0,1,1,-1,-1,-1,-1,2.0,1.0
3,10,2.0,0,1,-1,-1,1,0,-1,-1,3.0,0.0
3,10,3.0,1,0,-1,-1,0,1,-1,-1,,
3,10,4.0,-1,-1,1,0,-1,-1,0,1,2.0,0.0
3,10,5.0,-1,-1,-1,-1,1,1,0,0,,
3,10,6.0,-1,-1,0,0,-1,-1,1,1,4.0,1.0
3,10,7.0,0,0,-1,-1,1,1,-1,-1,3.0,1.0
3,10,8.0,-1,-1,-1,-1,1,0,0,1,4.0,1.0
3,10,9.0,-1,-1,-1,-1,1,0,0,1,4.0,1.0
3,10,10.0,0,1,-1,-1,1,0,-1,-1,1.0,1.0
3,10,11.0,1,1,0,0,-1,-1,-1,-1,,
3,10,12.0,-1,-1,1,1,-1,-1,0,0,2.0,1.0
3,10,13.0,0,0,1,1,-1,-1,-1,-1,2.0,1.0
3,10,14.0,1,1,0,0,-1,-1,-1,-1,1.0,1.0
3,10,15.0,-1,-1,1,1,0,0,-1,-1,3.0,0.0
3,10,16.0,1,1,-1,-1,-1,-1,0,0,1.0,1.0
3,10,17.0,-1,-1,-1,-1,0,1,1,0,4.0,0.0
3,10,18.0,-1,-1,0,1,1,0,-1,-1,2.0,1.0
3,10,19.0,-1,-1,0,0,1,1,-1,-1,3.0,1.0
3,10,20.0,-1,-1,0,0,1,1,-1,-1,,
3,10,21.0,1,1,-1,-1,-1,-1,0,0,1.0,1.0
3,10,22.0,1,0,-1,-1,-1,-1,0,1,4.0,1.0
3,10,23.0,0,0,-1,-1,-1,-1,1,1,4.0,1.0
3,10,24.0,-1,-1,0,1,-1,-1,1,0,4.0,0.0
3,10,25.0,-1,-1,0,1,-1,-1,1,0,4.0,0.0
3,10,26.0,0,1,-1,-1,1,0,-1,-1,1.0,1.0
3,10,27.0,-1,-1,0,1,-1,-1,1,0,4.0,0.0
3,10,28.0,-1,-1,0,0,-1,-1,1,1,4.0,1.0
3,10,29.0,1,0,-1,-1,0,1,-1,-1,1.0,0.0
3,10,30.0,0,0,-1,-1,-1,-1,1,1,4.0,1.0
3,10,31.0,-1,-1,1,0,0,1,-1,-1,2.0,0.0
3,10,32.0,-1,-1,0,0,1,1,-1,-1,3.0,1.0
3,10,33.0,-1,-1,-1,-1,0,1,1,0,4.0,0.0
3,10,34.0,-1,-1,-1,-1,0,0,1,1,4.0,1.0
3,10,35.0,0,1,1,0,-1,-1,-1,-1,1.0,1.0
3,10,36.0,-1,-1,0,1,1,0,-1,-1,3.0,0.0
3,10,37.0,-1,-1,1,0,-1,-1,0,1,4.0,1.0
3,10,38.0,1,0,0,1,-1,-1,-1,-1,1.0,0.0
3,10,39.0,-1,-1,-1,-1,1,0,0,1,4.0,1.0
3,10,40.0,1,0,0,1,-1,-1,-1,-1,1.0,0.0
3,10,41.0,-1,-1,-1,-1,1,1,0,0,4.0,0.0
3,10,42.0,-1,-1,1,1,0,0,-1,-1,2.0,1.0
3,10,43.0,0,1,-1,-1,-1,-1,1,0,4.0,0.0
3,10,44.0,0,1,-1,-1,1,0,-1,-1,,
3,10,45.0,0,1,-1,-1,-1,-1,1,0,4.0,0.0
3,10,46.0,1,1,0,0,-1,-1,-1,-1,1.0,1.0
3,10,47.0,0,0,-1,-1,1,1,-1,-1,3.0,1.0
3,10,48.0,1,0,-1,-1,-1,-1,0,1,4.0,1.0
3,10,49.0,0,1,1,0,-1,-1,-1,-1,2.0,0.0
3,10,50.0,1,1,-1,-1,-1,-1,0,0,1.0,1.0
3,10,51.0,-1,-1,0,1,1,0,-1,-1,,
3,10,52.0,1,0,0,1,-1,-1,-1,-1,,
3,10,53.0,0,0,-1,-1,1,1,-1,-1,3.0,1.0
3,10,54.0,-1,-1,1,1,0,0,-1,-1,,
3,10,55.0,-1,-1,0,1,-1,-1,1,0,4.0,0.0
3,10,56.0,-1,-1,0,0,-1,-1,1,1,4.0,1.0
3,10,57.0,-1,-1,-1,-1,0,1,1,0,4.0,0.0
3,10,58.0,1,0,-1,-1,0,1,-1,-1,1.0,0.0
3,11,1.0,0,1,-1,-1,-1,-1,1,0,4.0,0.0
3,11,2.0,1,1,0,0,-1,-1,-1,-1,1.0,1.0
3,11,3.0,1,0,-1,-1,-1,-1,0,1,4.0,1.0
3,11,4.0,1,1,-1,-1,0,0,-1,-1,3.0,0.0
3,11,5.0,-1,-1,1,0,0,1,-1,-1,2.0,0.0
3,11,6.0,1,1,-1,-1,-1,-1,0,0,4.0,0.0
3,11,7.0,0,0,-1,-1,-1,-1,1,1,4.0,1.0
3,11,8.0,-1,-1,1,1,-1,-1,0,0,2.0,1.0
3,11,9.0,-1,-1,0,1,-1,-1,1,0,4.0,0.0
3,11,10.0,0,1,1,0,-1,-1,-1,-1,2.0,0.0
3,11,11.0,0,1,-1,-1,1,0,-1,-1,3.0,0.0
3,11,12.0,0,0,-1,-1,1,1,-1,-1,1.0,0.0
3,11,13.0,0,0,1,1,-1,-1,-1,-1,2.0,1.0
3,11,14.0,0,0,-1,-1,1,1,-1,-1,3.0,1.0
3,11,15.0,-1,-1,0,1,1,0,-1,-1,2.0,1.0
3,11,16.0,-1,-1,0,0,-1,-1,1,1,4.0,1.0
3,11,17.0,-1,-1,-1,-1,0,1,1,0,4.0,0.0
3,11,18.0,-1,-1,-1,-1,1,1,0,0,3.0,1.0
3,11,19.0,-1,-1,-1,-1,1,0,0,1,3.0,0.0
3,11,20.0,-1,-1,1,0,0,1,-1,-1,2.0,0.0
3,11,21.0,1,0,0,1,-1,-1,-1,-1,1.0,0.0
3,11,22.0,-1,-1,0,1,1,0,-1,-1,2.0,1.0
3,11,23.0,-1,-1,1,0,-1,-1,0,1,4.0,1.0
3,11,24.0,-1,-1,-1,-1,0,0,1,1,4.0,1.0
3,11,25.0,-1,-1,-1,-1,1,1,0,0,3.0,1.0
3,11,26.0,-1,-1,-1,-1,0,0,1,1,4.0,1.0
3,11,27.0,-1,-1,-1,-1,0,0,1,1,4.0,1.0
3,11,28.0,1,1,-1,-1,-1,-1,0,0,1.0,1.0
3,11,29.0,0,0,1,1,-1,-1,-1,-1,2.0,1.0
3,11,30.0,0,1,1,0,-1,-1,-1,-1,2.0,0.0
3,11,31.0,1,1,0,0,-1,-1,-1,-1,1.0,1.0
3,11,32.0,1,1,-1,-1,-1,-1,0,0,1.0,1.0
3,11,33.0,-1,-1,1,1,0,0,-1,-1,2.0,1.0
3,11,34.0,-1,-1,0,0,-1,-1,1,1,4.0,1.0
3,11,35.0,0,1,-1,-1,1,0,-1,-1,1.0,1.0
3,11,36.0,-1,-1,1,1,-1,-1,0,0,2.0,1.0
3,11,37.0,0,0,-1,-1,-1,-1,1,1,4.0,1.0
3,11,38.0,-1,-1,0,0,-1,-1,1,1,4.0,1.0
3,11,39.0,-1,-1,0,0,1,1,-1,-1,3.0,1.0
3,11,40.0,1,0,-1,-1,0,1,-1,-1,1.0,0.0
3,11,41.0,-1,-1,1,1,0,0,-1,-1,2.0,1.0
3,11,42.0,0,1,-1,-1,1,0,-1,-1,1.0,1.0
3,11,43.0,0,0,-1,-1,1,1,-1,-1,3.0,1.0
3,11,44.0,-1,-1,0,0,1,1,-1,-1,,
3,11,45.0,1,0,-1,-1,-1,-1,0,1,4.0,1.0
3,11,46.0,-1,-1,0,1,-1,-1,1,0,,
3,11,47.0,-1,-1,-1,-1,0,1,1,0,4.0,0.0
3,11,48.0,1,0,0,1,-1,-1,-1,-1,1.0,0.0
3,11,49.0,1,0,0,1,-1,-1,-1,-1,1.0,0.0
3,11,50.0,-1,-1,-1,-1,1,1,0,0,4.0,0.0
3,11,51.0,-1,-1,1,0,0,1,-1,-1,2.0,0.0
3,11,52.0,-1,-1,1,1,0,0,-1,-1,2.0,1.0
3,11,53.0,0,1,-1,-1,1,0,-1,-1,1.0,1.0
3,11,54.0,0,0,1,1,-1,-1,-1,-1,2.0,1.0
3,11,55.0,0,0,-1,-1,1,1,-1,-1,3.0,1.0
3,11,56.0,-1,-1,1,1,0,0,-1,-1,2.0,1.0
3,11,57.0,1,0,-1,-1,-1,-1,0,1,4.0,1.0
3,12,1.0,1,0,-1,-1,-1,-1,0,1,4.0,1.0
3,12,2.0,-1,-1,0,1,1,0,-1,-1,2.0,1.0
3,12,3.0,-1,-1,0,0,-1,-1,1,1,4.0,1.0
3,12,4.0,0,0,1,1,-1,-1,-1,-1,,
3,12,5.0,0,0,-1,-1,1,1,-1,-1,1.0,0.0
3,12,6.0,0,1,-1,-1,1,0,-1,-1,3.0,0.0
3,12,7.0,-1,-1,0,0,1,1,-1,-1,3.0,1.0
3,12,8.0,0,1,1,0,-1,-1,-1,-1,1.0,1.0
3,12,9.0,0,1,-1,-1,-1,-1,1,0,4.0,0.0
3,12,10.0,-1,-1,0,1,-1,-1,1,0,,
3,12,11.0,-1,-1,0,1,1,0,-1,-1,2.0,1.0
3,12,12.0,0,1,-1,-1,1,0,-1,-1,3.0,0.0
3,12,13.0,0,0,-1,-1,1,1,-1,-1,3.0,1.0
3,12,14.0,0,1,-1,-1,-1,-1,1,0,1.0,1.0
3,12,15.0,-1,-1,0,1,-1,-1,1,0,4.0,0.0
3,12,16.0,-1,-1,0,0,-1,-1,1,1,4.0,1.0
3,12,17.0,1,0,-1,-1,-1,-1,0,1,1.0,0.0
3,12,18.0,-1,-1,-1,-1,1,1,0,0,3.0,1.0
3,12,19.0,0,0,1,1,-1,-1,-1,-1,1.0,0.0
3,12,20.0,0,1,1,0,-1,-1,-1,-1,1.0,1.0
3,12,21.0,-1,-1,-1,-1,0,1,1,0,4.0,0.0
3,12,22.0,-1,-1,-1,-1,0,0,1,1,4.0,1.0
3,12,23.0,-1,-1,-1,-1,1,0,0,1,3.0,0.0
3,12,24.0,-1,-1,1,0,0,1,-1,-1,3.0,1.0
3,12,25.0,-1,-1,0,1,-1,-1,1,0,4.0,0.0
3,12,26.0,-1,-1,1,1,0,0,-1,-1,2.0,1.0
3,12,27.0,0,1,-1,-1,1,0,-1,-1,1.0,1.0
3,12,28.0,-1,-1,1,0,-1,-1,0,1,2.0,0.0
3,12,29.0,1,0,-1,-1,-1,-1,0,1,4.0,1.0
3,12,30.0,1,1,-1,-1,-1,-1,0,0,1.0,1.0
3,12,31.0,-1,-1,0,0,-1,-1,1,1,4.0,1.0
3,12,32.0,-1,-1,-1,-1,0,1,1,0,,
3,12,33.0,0,0,-1,-1,1,1,-1,-1,3.0,1.0
3,12,34.0,1,0,-1,-1,0,1,-1,-1,1.0,0.0
3,12,35.0,1,1,0,0,-1,-1,-1,-1,1.0,1.0
3,12,36.0,-1,-1,-1,-1,0,1,1,0,4.0,0.0
3,12,37.0,-1,-1,-1,-1,1,0,0,1,4.0,1.0
3,12,38.0,-1,-1,1,1,-1,-1,0,0,2.0,1.0
3,12,39.0,-1,-1,-1,-1,0,0,1,1,4.0,1.0
3,12,40.0,1,1,-1,-1,0,0,-1,-1,1.0,1.0
3,12,41.0,0,1,1,0,-1,-1,-1,-1,,
3,12,42.0,0,0,-1,-1,-1,-1,1,1,4.0,1.0
3,12,43.0,1,1,-1,-1,-1,-1,0,0,1.0,1.0
3,12,44.0,0,0,1,1,-1,-1,-1,-1,2.0,1.0
3,12,45.0,-1,-1,0,1,1,0,-1,-1,,
3,12,46.0,0,0,1,1,-1,-1,-1,-1,2.0,1.0
3,12,47.0,-1,-1,1,0,0,1,-1,-1,2.0,0.0
3,12,48.0,-1,-1,1,0,0,1,-1,-1,3.0,1.0
3,12,49.0,-1,-1,0,0,-1,-1,1,1,4.0,1.0
3,12,50.0,-1,-1,-1,-1,1,1,0,0,3.0,1.0
3,12,51.0,1,1,-1,-1,0,0,-1,-1,1.0,1.0
3,12,52.0,0,0,1,1,-1,-1,-1,-1,1.0,0.0
3,12,53.0,0,1,-1,-1,1,0,-1,-1,,
3,12,54.0,-1,-1,0,1,1,0,-1,-1,,
3,12,55.0,-1,-1,-1,-1,1,1,0,0,4.0,0.0
3,12,56.0,-1,-1,-1,-1,1,0,0,1,3.0,0.0
3,12,57.0,1,0,-1,-1,0,1,-1,-1,,
3,12,58.0,0,0,-1,-1,-1,-1,1,1,4.0,1.0
3,12,59.0,0,0,1,1,-1,-1,-1,-1,2.0,1.0
3,12,60.0,-1,-1,0,1,-1,-1,1,0,4.0,0.0
3,12,61.0,1,1,0,0,-1,-1,-1,-1,1.0,1.0
3,12,62.0,1,0,-1,-1,-1,-1,0,1,4.0,1.0
3,12,63.0,1,1,0,0,-1,-1,-1,-1,1.0,1.0
3,12,64.0,-1,-1,1,1,0,0,-1,-1,2.0,1.0
3,12,65.0,-1,-1,1,0,0,1,-1,-1,3.0,1.0
3,12,66.0,-1,-1,1,0,0,1,-1,-1,2.0,0.0
3,12,67.0,-1,-1,1,1,-1,-1,0,0,4.0,0.0
3,12,68.0,0,0,-1,-1,1,1,-1,-1,1.0,0.0
3,12,69.0,-1,-1,1,0,-1,-1,0,1,4.0,1.0
3,12,70.0,-1,-1,-1,-1,0,0,1,1,4.0,1.0
3,12,71.0,0,1,-1,-1,-1,-1,1,0,4.0,0.0
3,12,72.0,1,1,-1,-1,-1,-1,0,0,1.0,1.0
3,12,73.0,1,1,-1,-1,-1,-1,0,0,1.0,1.0
3,12,74.0,-1,-1,1,1,-1,-1,0,0,2.0,1.0
3,12,75.0,0,1,-1,-1,1,0,-1,-1,1.0,1.0
3,12,76.0,1,0,-1,-1,-1,-1,0,1,4.0,1.0
3,12,77.0,-1,-1,1,0,-1,-1,0,1,4.0,1.0
3,12,78.0,-1,-1,1,0,0,1,-1,-1,2.0,0.0
3,12,79.0,0,0,1,1,-1,-1,-1,-1,1.0,0.0
3,12,80.0,-1,-1,-1,-1,1,1,0,0,3.0,1.0
3,12,81.0,-1,-1,-1,-1,0,1,1,0,4.0,0.0
3,12,82.0,1,1,-1,-1,0,0,-1,-1,1.0,1.0
3,12,83.0,1,0,-1,-1,-1,-1,0,1,1.0,0.0
3,12,84.0,-1,-1,0,1,1,0,-1,-1,,
3,12,85.0,-1,-1,-1,-1,1,0,0,1,4.0,1.0
3,12,86.0,-1,-1,-1,-1,1,0,0,1,4.0,1.0
3,12,87.0,-1,-1,0,0,-1,-1,1,1,4.0,1.0
3,12,88.0,-1,-1,1,1,-1,-1,0,0,4.0,0.0
3,12,89.0,0,0,-1,-1,1,1,-1,-1,1.0,0.0
3,12,90.0,0,1,1,0,-1,-1,-1,-1,1.0,1.0
3,12,91.0,1,0,-1,-1,0,1,-1,-1,3.0,1.0
3,12,92.0,0,1,1,0,-1,-1,-1,-1,1.0,1.0
3,12,93.0,1,0,0,1,-1,-1,-1,-1,1.0,0.0
3,12,94.0,-1,-1,0,1,1,0,-1,-1,3.0,0.0
3,12,95.0,-1,-1,0,0,1,1,-1,-1,,
3,12,96.0,1,1,-1,-1,-1,-1,0,0,1.0,1.0
3,12,97.0,1,1,-1,-1,0,0,-1,-1,1.0,1.0
3,12,98.0,-1,-1,0,1,1,0,-1,-1,,
3,12,99.0,-1,-1,-1,-1,1,1,0,0,4.0,0.0
3,12,100.0,-1,-1,-1,-1,0,1,1,0,4.0,0.0
3,12,101.0,-1,-1,-1,-1,0,0,1,1,4.0,1.0
3,12,102.0,1,0,-1,-1,0,1,-1,-1,1.0,0.0
3,12,103.0,-1,-1,0,1,-1,-1,1,0,2.0,1.0
3,12,104.0,1,1,0,0,-1,-1,-1,-1,1.0,1.0
3,12,105.0,1,0,0,1,-1,-1,-1,-1,1.0,0.0
3,12,106.0,0,1,-1,-1,-1,-1,1,0,4.0,0.0
3,12,107.0,-1,-1,0,0,1,1,-1,-1,3.0,1.0
3,12,108.0,1,1,0,0,-1,-1,-1,-1,1.0,1.0
3,12,109.0,0,0,1,1,-1,-1,-1,-1,2.0,1.0
3,12,110.0,0,0,-1,-1,1,1,-1,-1,3.0,1.0
3,12,111.0,-1,-1,0,1,1,0,-1,-1,,
3,12,112.0,1,1,-1,-1,-1,-1,0,0,1.0,1.0
3,13,1.0,-1,-1,-1,-1,0,1,1,0,3.0,1.0
3,13,2.0,-1,-1,-1,-1,0,0,1,1,4.0,1.0
3,13,3.0,0,0,1,1,-1,-1,-1,-1,2.0,1.0
3,13,4.0,-1,-1,0,0,1,1,-1,-1,3.0,1.0
3,13,5.0,0,1,1,0,-1,-1,-1,-1,1.0,1.0
3,13,6.0,-1,-1,1,1,0,0,-1,-1,2.0,1.0
3,13,7.0,1,1,-1,-1,-1,-1,0,0,1.0,1.0
3,13,8.0,1,0,-1,-1,-1,-1,0,1,4.0,1.0
3,13,9.0,0,1,-1,-1,-1,-1,1,0,1.0,1.0
3,13,10.0,0,0,-1,-1,-1,-1,1,1,4.0,1.0
3,13,11.0,-1,-1,-1,-1,0,0,1,1,4.0,1.0
3,13,12.0,-1,-1,1,0,0,1,-1,-1,3.0,1.0
3,13,13.0,0,1,1,0,-1,-1,-1,-1,1.0,1.0
3,13,14.0,0,1,-1,-1,1,0,-1,-1,1.0,1.0
3,13,15.0,0,1,-1,-1,1,0,-1,-1,3.0,0.0
3,13,16.0,-1,-1,0,1,1,0,-1,-1,2.0,1.0
3,13,17.0,-1,-1,0,1,-1,-1,1,0,4.0,0.0
3,13,18.0,-1,-1,0,1,-1,-1,1,0,4.0,0.0
3,13,19.0,-1,-1,1,0,-1,-1,0,1,2.0,0.0
3,13,20.0,-1,-1,1,0,-1,-1,0,1,4.0,1.0
3,13,21.0,1,0,0,1,-1,-1,-1,-1,1.0,0.0
3,13,22.0,1,0,-1,-1,0,1,-1,-1,1.0,0.0
3,13,23.0,0,0,-1,-1,1,1,-1,-1,3.0,1.0
3,13,24.0,-1,-1,-1,-1,0,1,1,0,4.0,0.0
3,13,25.0,-1,-1,0,1,1,0,-1,-1,,
3,13,26.0,0,1,-1,-1,1,0,-1,-1,1.0,1.0
3,13,27.0,-1,-1,0,0,-1,-1,1,1,4.0,1.0
3,13,28.0,1,1,0,0,-1,-1,-1,-1,1.0,1.0
3,13,29.0,-1,-1,-1,-1,1,1,0,0,4.0,0.0
3,13,30.0,1,0,0,1,-1,-1,-1,-1,1.0,0.0
3,13,31.0,-1,-1,1,1,-1,-1,0,0,4.0,0.0
3,13,32.0,-1,-1,-1,-1,1,1,0,0,3.0,1.0
3,13,33.0,-1,-1,0,0,1,1,-1,-1,,
3,13,34.0,0,1,-1,-1,-1,-1,1,0,1.0,1.0
3,13,35.0,1,0,-1,-1,0,1,-1,-1,1.0,0.0
3,13,36.0,0,1,1,0,-1,-1,-1,-1,,
3,13,37.0,-1,-1,1,1,0,0,-1,-1,,
3,13,38.0,-1,-1,-1,-1,0,0,1,1,,
3,13,39.0,1,1,-1,-1,-1,-1,0,0,1.0,1.0
3,13,40.0,0,0,-1,-1,-1,-1,1,1,4.0,1.0
3,13,41.0,-1,-1,0,0,-1,-1,1,1,4.0,1.0
3,13,42.0,-1,-1,-1,-1,1,0,0,1,,
3,13,43.0,1,0,-1,-1,0,1,-1,-1,,
3,13,44.0,0,0,-1,-1,-1,-1,1,1,4.0,1.0
3,13,45.0,0,0,1,1,-1,-1,-1,-1,2.0,1.0
3,13,46.0,0,1,-1,-1,1,0,-1,-1,1.0,1.0
3,13,47.0,-1,-1,1,0,0,1,-1,-1,3.0,1.0
3,13,48.0,-1,-1,0,1,-1,-1,1,0,4.0,0.0
3,13,49.0,-1,-1,-1,-1,1,1,0,0,4.0,0.0
3,13,50.0,-1,-1,1,1,0,0,-1,-1,2.0,1.0
3,13,51.0,0,0,1,1,-1,-1,-1,-1,1.0,0.0
3,13,52.0,-1,-1,0,1,1,0,-1,-1,2.0,1.0
3,13,53.0,1,1,0,0,-1,-1,-1,-1,1.0,1.0
3,13,54.0,0,1,-1,-1,1,0,-1,-1,1.0,1.0
3,13,55.0,-1,-1,0,0,-1,-1,1,1,4.0,1.0
3,13,56.0,0,0,-1,-1,1,1,-1,-1,3.0,1.0
3,13,57.0,-1,-1,1,0,0,1,-1,-1,2.0,0.0
3,14,1.0,1,0,-1,-1,0,1,-1,-1,1.0,0.0
3,14,2.0,0,1,-1,-1,1,0,-1,-1,3.0,0.0
3,14,3.0,0,1,1,0,-1,-1,-1,-1,2.0,0.0
3,14,4.0,-1,-1,-1,-1,1,1,0,0,3.0,1.0
3,14,5.0,1,1,-1,-1,0,0,-1,-1,1.0,1.0
3,14,6.0,-1,-1,0,0,1,1,-1,-1,,
3,14,7.0,-1,-1,0,0,-1,-1,1,1,4.0,1.0
3,14,8.0,0,0,1,1,-1,-1,-1,-1,2.0,1.0
3,14,9.0,0,0,1,1,-1,-1,-1,-1,1.0,0.0
3,14,10.0,1,0,-1,-1,-1,-1,0,1,4.0,1.0
3,14,11.0,0,1,-1,-1,-1,-1,1,0,4.0,0.0
3,14,12.0,-1,-1,1,1,-1,-1,0,0,2.0,1.0
3,14,13.0,-1,-1,1,0,0,1,-1,-1,3.0,1.0
3,14,14.0,-1,-1,1,1,-1,-1,0,0,2.0,1.0
3,14,15.0,-1,-1,0,1,1,0,-1,-1,2.0,1.0
3,14,16.0,-1,-1,1,1,0,0,-1,-1,2.0,1.0
3,14,17.0,-1,-1,0,0,-1,-1,1,1,4.0,1.0
3,14,18.0,1,0,-1,-1,0,1,-1,-1,1.0,0.0
3,14,19.0,1,1,-1,-1,-1,-1,0,0,1.0,1.0
3,14,20.0,-1,-1,-1,-1,1,1,0,0,3.0,1.0
3,14,21.0,-1,-1,-1,-1,0,0,1,1,4.0,1.0
3,14,22.0,0,1,1,0,-1,-1,-1,-1,1.0,1.0
3,14,23.0,0,0,-1,-1,-1,-1,1,1,4.0,1.0
3,14,24.0,-1,-1,-1,-1,0,0,1,1,4.0,1.0
3,14,25.0,0,0,-1,-1,1,1,-1,-1,3.0,1.0
3,14,26.0,-1,-1,0,1,1,0,-1,-1,2.0,1.0
3,14,27.0,1,1,-1,-1,0,0,-1,-1,1.0,1.0
3,14,28.0,0,1,1,0,-1,-1,-1,-1,1.0,1.0
3,14,29.0,0,0,1,1,-1,-1,-1,-1,1.0,0.0
3,14,30.0,1,1,-1,-1,0,0,-1,-1,1.0,1.0
3,14,31.0,-1,-1,0,1,-1,-1,1,0,4.0,0.0
3,14,32.0,1,0,-1,-1,0,1,-1,-1,3.0,1.0
3,14,33.0,-1,-1,-1,-1,1,1,0,0,4.0,0.0
3,14,34.0,-1,-1,-1,-1,1,0,0,1,4.0,1.0
3,14,35.0,-1,-1,1,0,0,1,-1,-1,2.0,0.0
3,14,36.0,1,0,0,1,-1,-1,-1,-1,1.0,0.0
3,14,37.0,-1,-1,-1,-1,0,0,1,1,4.0,1.0
3,14,38.0,-1,-1,0,0,1,1,-1,-1,3.0,1.0
3,14,39.0,-1,-1,1,1,0,0,-1,-1,2.0,1.0
3,14,40.0,-1,-1,0,0,-1,-1,1,1,4.0,1.0
3,14,41.0,-1,-1,1,0,-1,-1,0,1,4.0,1.0
3,14,42.0,-1,-1,1,1,-1,-1,0,0,,
3,14,43.0,0,1,1,0,-1,-1,-1,-1,1.0,1.0
3,14,44.0,-1,-1,-1,-1,1,1,0,0,3.0,1.0
3,14,45.0,1,0,-1,-1,-1,-1,0,1,1.0,0.0
3,14,46.0,1,1,-1,-1,-1,-1,0,0,1.0,1.0
3,14,47.0,0,1,-1,-1,-1,-1,1,0,4.0,0.0
3,14,48.0,0,0,-1,-1,-1,-1,1,1,,
3,14,49.0,1,0,0,1,-1,-1,-1,-1,1.0,0.0
3,14,50.0,-1,-1,1,1,-1,-1,0,0,2.0,1.0
3,14,51.0,0,1,-1,-1,-1,-1,1,0,1.0,1.0
3,14,52.0,0,1,1,0,-1,-1,-1,-1,1.0,1.0
3,14,53.0,1,1,-1,-1,0,0,-1,-1,1.0,1.0
3,15,1.0,-1,-1,-1,-1,0,0,1,1,4.0,1.0
3,15,2.0,-1,-1,-1,-1,1,0,0,1,3.0,0.0
3,15,3.0,1,1,0,0,-1,-1,-1,-1,1.0,1.0
3,15,4.0,0,1,-1,-1,1,0,-1,-1,1.0,1.0
3,15,5.0,0,0,1,1,-1,-1,-1,-1,2.0,1.0
3,15,6.0,1,0,0,1,-1,-1,-1,-1,1.0,0.0
3,15,7.0,0,0,-1,-1,1,1,-1,-1,3.0,1.0
3,15,8.0,0,0,-1,-1,1,1,-1,-1,1.0,0.0
3,15,9.0,-1,-1,0,0,1,1,-1,-1,3.0,1.0
3,15,10.0,-1,-1,0,1,1,0,-1,-1,2.0,1.0
3,15,11.0,-1,-1,0,0,1,1,-1,-1,3.0,1.0
3,15,12.0,1,0,-1,-1,-1,-1,0,1,4.0,1.0
3,15,13.0,1,0,-1,-1,-1,-1,0,1,1.0,0.0
3,15,14.0,0,1,-1,-1,-1,-1,1,0,4.0,0.0
3,15,15.0,0,1,-1,-1,1,0,-1,-1,1.0,1.0
3,15,16.0,-1,-1,0,1,1,0,-1,-1,2.0,1.0
3,15,17.0,1,1,-1,-1,-1,-1,0,0,1.0,1.0
3,15,18.0,-1,-1,1,1,-1,-1,0,0,4.0,0.0
3,15,19.0,1,1,0,0,-1,-1,-1,-1,1.0,1.0
3,15,20.0,-1,-1,1,0,-1,-1,0,1,2.0,0.0
3,15,21.0,-1,-1,0,0,-1,-1,1,1,4.0,1.0
3,15,22.0,-1,-1,1,1,-1,-1,0,0,2.0,1.0
3,15,23.0,-1,-1,-1,-1,1,1,0,0,3.0,1.0
3,15,24.0,-1,-1,-1,-1,1,1,0,0,3.0,1.0
3,15,25.0,-1,-1,-1,-1,0,0,1,1,4.0,1.0
3,15,26.0,1,1,0,0,-1,-1,-1,-1,1.0,1.0
3,15,27.0,-1,-1,0,1,1,0,-1,-1,3.0,0.0
3,15,28.0,1,0,-1,-1,-1,-1,0,1,1.0,0.0
3,15,29.0,0,0,-1,-1,1,1,-1,-1,3.0,1.0
3,15,30.0,-1,-1,1,0,0,1,-1,-1,2.0,0.0
3,15,31.0,1,0,-1,-1,-1,-1,0,1,1.0,0.0
3,15,32.0,-1,-1,0,1,-1,-1,1,0,4.0,0.0
3,15,33.0,1,1,-1,-1,-1,-1,0,0,1.0,1.0
3,15,34.0,1,0,0,1,-1,-1,-1,-1,1.0,0.0
3,15,35.0,1,1,0,0,-1,-1,-1,-1,1.0,1.0
3,15,36.0,0,0,-1,-1,1,1,-1,-1,3.0,1.0
3,15,37.0,-1,-1,1,1,0,0,-1,-1,2.0,1.0
3,15,38.0,-1,-1,1,1,-1,-1,0,0,2.0,1.0
3,15,39.0,1,0,0,1,-1,-1,-1,-1,1.0,0.0
3,15,40.0,0,1,-1,-1,1,0,-1,-1,3.0,0.0
3,15,41.0,-1,-1,0,0,-1,-1,1,1,4.0,1.0
3,15,42.0,0,1,-1,-1,-1,-1,1,0,1.0,1.0
3,15,43.0,-1,-1,-1,-1,1,1,0,0,3.0,1.0
3,15,44.0,-1,-1,0,0,-1,-1,1,1,2.0,0.0
3,15,45.0,-1,-1,-1,-1,0,1,1,0,4.0,0.0
3,15,46.0,0,1,-1,-1,1,0,-1,-1,1.0,1.0
3,15,47.0,-1,-1,-1,-1,1,0,0,1,4.0,1.0
3,15,48.0,-1,-1,1,0,0,1,-1,-1,2.0,0.0
3,15,49.0,-1,-1,0,0,1,1,-1,-1,3.0,1.0
3,15,50.0,1,0,-1,-1,-1,-1,0,1,1.0,0.0
3,15,51.0,-1,-1,0,1,1,0,-1,-1,2.0,1.0
3,15,52.0,-1,-1,1,1,-1,-1,0,0,4.0,0.0
3,15,53.0,-1,-1,0,1,-1,-1,1,0,4.0,0.0
3,15,54.0,0,1,-1,-1,1,0,-1,-1,3.0,0.0
3,15,55.0,-1,-1,1,0,-1,-1,0,1,4.0,1.0
3,15,56.0,0,1,1,0,-1,-1,-1,-1,1.0,1.0
3,15,57.0,1,1,-1,-1,-1,-1,0,0,1.0,1.0
3,15,58.0,1,0,-1,-1,0,1,-1,-1,1.0,0.0
3,15,59.0,0,0,1,1,-1,-1,-1,-1,2.0,1.0
3,15,60.0,0,0,1,1,-1,-1,-1,-1,2.0,1.0
3,15,61.0,0,1,-1,-1,-1,-1,1,0,1.0,1.0
3,15,62.0,-1,-1,0,1,1,0,-1,-1,3.0,0.0
3,15,63.0,0,0,-1,-1,-1,-1,1,1,4.0,1.0
3,15,64.0,-1,-1,0,0,-1,-1,1,1,4.0,1.0
3,15,65.0,-1,-1,-1,-1,0,1,1,0,3.0,1.0
3,15,66.0,-1,-1,-1,-1,1,1,0,0,4.0,0.0
3,15,67.0,-1,-1,-1,-1,0,0,1,1,4.0,1.0
3,15,68.0,-1,-1,-1,-1,0,0,1,1,4.0,1.0
3,15,69.0,-1,-1,1,0,0,1,-1,-1,2.0,0.0
3,15,70.0,1,1,0,0,-1,-1,-1,-1,1.0,1.0
3,15,71.0,0,1,-1,-1,1,0,-1,-1,,
3,15,72.0,1,0,-1,-1,0,1,-1,-1,1.0,0.0
3,15,73.0,-1,-1,1,1,0,0,-1,-1,2.0,1.0
3,15,74.0,1,1,-1,-1,-1,-1,0,0,1.0,1.0
3,15,75.0,0,0,1,1,-1,-1,-1,-1,1.0,0.0
3,15,76.0,0,1,-1,-1,1,0,-1,-1,1.0,1.0
3,15,77.0,1,0,-1,-1,0,1,-1,-1,3.0,1.0
3,15,78.0,-1,-1,0,0,1,1,-1,-1,3.0,1.0
3,15,79.0,0,1,-1,-1,-1,-1,1,0,4.0,0.0
3,15,80.0,1,1,-1,-1,0,0,-1,-1,1.0,1.0
3,15,81.0,1,0,0,1,-1,-1,-1,-1,1.0,0.0
3,15,82.0,0,0,-1,-1,1,1,-1,-1,1.0,0.0
3,15,83.0,1,0,-1,-1,-1,-1,0,1,4.0,1.0
3,15,84.0,0,1,1,0,-1,-1,-1,-1,1.0,1.0
3,15,85.0,0,0,-1,-1,-1,-1,1,1,4.0,1.0
3,15,86.0,-1,-1,1,0,0,1,-1,-1,2.0,0.0
3,15,87.0,-1,-1,1,1,-1,-1,0,0,,
3,15,88.0,-1,-1,0,1,-1,-1,1,0,2.0,1.0
3,15,89.0,-1,-1,0,0,-1,-1,1,1,4.0,1.0
3,15,90.0,-1,-1,-1,-1,0,1,1,0,,
3,15,91.0,-1,-1,-1,-1,0,1,1,0,4.0,0.0
3,15,92.0,0,1,1,0,-1,-1,-1,-1,1.0,1.0
3,15,93.0,-1,-1,0,0,-1,-1,1,1,4.0,1.0
3,15,94.0,-1,-1,0,1,1,0,-1,-1,2.0,1.0
3,15,95.0,-1,-1,-1,-1,1,0,0,1,3.0,0.0
3,15,96.0,-1,-1,-1,-1,0,0,1,1,4.0,1.0
3,15,97.0,0,1,-1,-1,1,0,-1,-1,1.0,1.0
3,15,98.0,-1,-1,0,0,1,1,-1,-1,,
3,15,99.0,-1,-1,1,1,-1,-1,0,0,,
3,15,100.0,1,0,-1,-1,-1,-1,0,1,4.0,1.0
3,15,101.0,0,1,1,0,-1,-1,-1,-1,1.0,1.0
3,15,102.0,1,1,-1,-1,-1,-1,0,0,1.0,1.0
3,15,103.0,-1,-1,1,0,-1,-1,0,1,4.0,1.0
3,15,104.0,-1,-1,0,0,-1,-1,1,1,4.0,1.0
3,15,105.0,-1,-1,-1,-1,1,0,0,1,4.0,1.0
